"id","season","city","match_type","team1","team2","toss_winner","toss_decision","venue","team1_win_pct","team2_win_pct","venue_avg_score","winner"
335982,"2008","Bangalore","League","Royal Challengers Bengaluru","Kolkata Knight Riders","Royal Challengers Bengaluru","field","M Chinnaswamy Stadium",48.81,52.19,173,"Kolkata Knight Riders"
335983,"2008","Chandigarh","League","Punjab Kings","Chennai Super Kings","Chennai Super Kings","bat","Punjab Cricket Association IS Bindra Stadium",45.53,58.23,168,"Chennai Super Kings"
335984,"2008","Delhi","League","Delhi Capitals","Rajasthan Royals","Rajasthan Royals","bat","Feroz Shah Kotla",46.00,51.14,162,"Delhi Capitals"
335985,"2008","Mumbai","League","Mumbai Indians","Royal Challengers Bengaluru","Mumbai Indians","bat","Wankhede Stadium",55.17,48.81,170,"Royal Challengers Bengaluru"
335986,"2008","Kolkata","League","Kolkata Knight Riders","Deccan Chargers","Deccan Chargers","bat","Eden Gardens",52.19,38.67,166,"Kolkata Knight Riders"
335987,"2008","Jaipur","League","Rajasthan Royals","Punjab Kings","Punjab Kings","bat","Sawai Mansingh Stadium",51.14,45.53,162,"Rajasthan Royals"
335988,"2008","Hyderabad","League","Deccan Chargers","Delhi Capitals","Deccan Chargers","bat","Rajiv Gandhi International Stadium",38.67,46.00,163,"Delhi Capitals"
335989,"2008","Chennai","League","Chennai Super Kings","Mumbai Indians","Mumbai Indians","field","MA Chidambaram Stadium",58.23,55.17,164,"Chennai Super Kings"
335990,"2008","Hyderabad","League","Deccan Chargers","Rajasthan Royals","Rajasthan Royals","field","Rajiv Gandhi International Stadium",38.67,51.14,163,"Rajasthan Royals"
335991,"2008","Chandigarh","League","Punjab Kings","Mumbai Indians","Mumbai Indians","field","Punjab Cricket Association IS Bindra Stadium",45.53,55.17,168,"Punjab Kings"
335992,"2008","Bangalore","League","Royal Challengers Bengaluru","Rajasthan Royals","Rajasthan Royals","field","M Chinnaswamy Stadium",48.81,51.14,173,"Rajasthan Royals"
335993,"2008","Chennai","League","Chennai Super Kings","Kolkata Knight Riders","Kolkata Knight Riders","bat","MA Chidambaram Stadium",58.23,52.19,164,"Chennai Super Kings"
335994,"2008","Mumbai","League","Mumbai Indians","Deccan Chargers","Deccan Chargers","field","Dr DY Patil Sports Academy",55.17,38.67,160,"Deccan Chargers"
335995,"2008","Chandigarh","League","Punjab Kings","Delhi Capitals","Delhi Capitals","bat","Punjab Cricket Association IS Bindra Stadium",45.53,46.00,168,"Punjab Kings"
335996,"2008","Bangalore","League","Royal Challengers Bengaluru","Chennai Super Kings","Chennai Super Kings","bat","M Chinnaswamy Stadium",48.81,58.23,173,"Chennai Super Kings"
335997,"2008","Kolkata","League","Kolkata Knight Riders","Mumbai Indians","Kolkata Knight Riders","bat","Eden Gardens",52.19,55.17,166,"Mumbai Indians"
335998,"2008","Delhi","League","Delhi Capitals","Royal Challengers Bengaluru","Royal Challengers Bengaluru","field","Feroz Shah Kotla",46.00,48.81,162,"Delhi Capitals"
335999,"2008","Hyderabad","League","Deccan Chargers","Punjab Kings","Punjab Kings","field","Rajiv Gandhi International Stadium",38.67,45.53,163,"Punjab Kings"
336000,"2008","Jaipur","League","Rajasthan Royals","Kolkata Knight Riders","Rajasthan Royals","bat","Sawai Mansingh Stadium",51.14,52.19,162,"Rajasthan Royals"
336001,"2008","Chennai","League","Chennai Super Kings","Delhi Capitals","Chennai Super Kings","bat","MA Chidambaram Stadium",58.23,46.00,164,"Delhi Capitals"
336002,"2008","Hyderabad","League","Deccan Chargers","Royal Challengers Bengaluru","Deccan Chargers","bat","Rajiv Gandhi International Stadium",38.67,48.81,163,"Royal Challengers Bengaluru"
336003,"2008","Chandigarh","League","Punjab Kings","Kolkata Knight Riders","Punjab Kings","bat","Punjab Cricket Association IS Bindra Stadium",45.53,52.19,168,"Punjab Kings"
336004,"2008","Mumbai","League","Mumbai Indians","Delhi Capitals","Delhi Capitals","field","Dr DY Patil Sports Academy",55.17,46.00,160,"Mumbai Indians"
336005,"2008","Jaipur","League","Rajasthan Royals","Chennai Super Kings","Chennai Super Kings","bat","Sawai Mansingh Stadium",51.14,58.23,162,"Rajasthan Royals"
336006,"2008","Bangalore","League","Royal Challengers Bengaluru","Punjab Kings","Punjab Kings","field","M Chinnaswamy Stadium",48.81,45.53,173,"Punjab Kings"
336007,"2008","Chennai","League","Chennai Super Kings","Deccan Chargers","Deccan Chargers","field","MA Chidambaram Stadium",58.23,38.67,164,"Deccan Chargers"
336008,"2008","Mumbai","League","Mumbai Indians","Rajasthan Royals","Mumbai Indians","field","Dr DY Patil Sports Academy",55.17,51.14,160,"Mumbai Indians"
336009,"2008","Delhi","League","Delhi Capitals","Chennai Super Kings","Chennai Super Kings","field","Feroz Shah Kotla",46.00,58.23,162,"Chennai Super Kings"
336010,"2008","Kolkata","League","Kolkata Knight Riders","Royal Challengers Bengaluru","Kolkata Knight Riders","bat","Eden Gardens",52.19,48.81,166,"Kolkata Knight Riders"
336011,"2008","Jaipur","League","Rajasthan Royals","Deccan Chargers","Rajasthan Royals","field","Sawai Mansingh Stadium",51.14,38.67,162,"Rajasthan Royals"
336012,"2008","Bangalore","League","Royal Challengers Bengaluru","Mumbai Indians","Mumbai Indians","field","M Chinnaswamy Stadium",48.81,55.17,173,"Mumbai Indians"
336013,"2008","Chennai","League","Chennai Super Kings","Punjab Kings","Punjab Kings","field","MA Chidambaram Stadium",58.23,45.53,164,"Chennai Super Kings"
336014,"2008","Hyderabad","League","Deccan Chargers","Kolkata Knight Riders","Kolkata Knight Riders","bat","Rajiv Gandhi International Stadium",38.67,52.19,163,"Kolkata Knight Riders"
336015,"2008","Jaipur","League","Rajasthan Royals","Delhi Capitals","Rajasthan Royals","field","Sawai Mansingh Stadium",51.14,46.00,162,"Rajasthan Royals"
336016,"2008","Chandigarh","League","Punjab Kings","Royal Challengers Bengaluru","Royal Challengers Bengaluru","bat","Punjab Cricket Association IS Bindra Stadium",45.53,48.81,168,"Punjab Kings"
336017,"2008","Kolkata","League","Kolkata Knight Riders","Delhi Capitals","Kolkata Knight Riders","bat","Eden Gardens",52.19,46.00,166,"Kolkata Knight Riders"
336018,"2008","Mumbai","League","Mumbai Indians","Chennai Super Kings","Mumbai Indians","field","Wankhede Stadium",55.17,58.23,170,"Mumbai Indians"
336019,"2008","Chandigarh","League","Punjab Kings","Rajasthan Royals","Rajasthan Royals","field","Punjab Cricket Association IS Bindra Stadium",45.53,51.14,168,"Punjab Kings"
336020,"2008","Delhi","League","Delhi Capitals","Deccan Chargers","Deccan Chargers","field","Feroz Shah Kotla",46.00,38.67,162,"Delhi Capitals"
336021,"2008","Mumbai","League","Mumbai Indians","Kolkata Knight Riders","Mumbai Indians","field","Wankhede Stadium",55.17,52.19,170,"Mumbai Indians"
336022,"2008","Delhi","League","Delhi Capitals","Punjab Kings","Delhi Capitals","bat","Feroz Shah Kotla",46.00,45.53,162,"Punjab Kings"
336023,"2008","Jaipur","League","Rajasthan Royals","Royal Challengers Bengaluru","Royal Challengers Bengaluru","field","Sawai Mansingh Stadium",51.14,48.81,162,"Rajasthan Royals"
336024,"2008","Hyderabad","League","Deccan Chargers","Mumbai Indians","Deccan Chargers","field","Rajiv Gandhi International Stadium",38.67,55.17,163,"Mumbai Indians"
336025,"2008","Kolkata","League","Kolkata Knight Riders","Chennai Super Kings","Kolkata Knight Riders","bat","Eden Gardens",52.19,58.23,166,"Chennai Super Kings"
336026,"2008","Bangalore","League","Royal Challengers Bengaluru","Delhi Capitals","Delhi Capitals","field","M Chinnaswamy Stadium",48.81,46.00,173,"Delhi Capitals"
336027,"2008","Kolkata","League","Kolkata Knight Riders","Rajasthan Royals","Rajasthan Royals","field","Eden Gardens",52.19,51.14,166,"Rajasthan Royals"
336028,"2008","Mumbai","League","Mumbai Indians","Punjab Kings","Mumbai Indians","field","Wankhede Stadium",55.17,45.53,170,"Punjab Kings"
336029,"2008","Chennai","League","Chennai Super Kings","Royal Challengers Bengaluru","Royal Challengers Bengaluru","bat","MA Chidambaram Stadium",58.23,48.81,164,"Royal Challengers Bengaluru"
336031,"2008","Chandigarh","League","Punjab Kings","Deccan Chargers","Punjab Kings","field","Punjab Cricket Association IS Bindra Stadium",45.53,38.67,168,"Punjab Kings"
336032,"2008","Delhi","League","Delhi Capitals","Mumbai Indians","Delhi Capitals","field","Feroz Shah Kotla",46.00,55.17,162,"Delhi Capitals"
336033,"2008","Chennai","League","Chennai Super Kings","Rajasthan Royals","Rajasthan Royals","bat","MA Chidambaram Stadium",58.23,51.14,164,"Rajasthan Royals"
336034,"2008","Bangalore","League","Royal Challengers Bengaluru","Deccan Chargers","Deccan Chargers","field","M Chinnaswamy Stadium",48.81,38.67,173,"Royal Challengers Bengaluru"
336035,"2008","Kolkata","League","Kolkata Knight Riders","Punjab Kings","Punjab Kings","bat","Eden Gardens",52.19,45.53,166,"Kolkata Knight Riders"
336036,"2008","Jaipur","League","Rajasthan Royals","Mumbai Indians","Rajasthan Royals","field","Sawai Mansingh Stadium",51.14,55.17,162,"Rajasthan Royals"
336037,"2008","Hyderabad","League","Deccan Chargers","Chennai Super Kings","Deccan Chargers","bat","Rajiv Gandhi International Stadium",38.67,58.23,163,"Chennai Super Kings"
336038,"2008","Mumbai","Semi Final","Delhi Capitals","Rajasthan Royals","Delhi Capitals","field","Wankhede Stadium",46.00,51.14,170,"Rajasthan Royals"
336039,"2008","Mumbai","Semi Final","Chennai Super Kings","Punjab Kings","Punjab Kings","bat","Wankhede Stadium",58.23,45.53,170,"Chennai Super Kings"
336040,"2008","Mumbai","Final","Chennai Super Kings","Rajasthan Royals","Rajasthan Royals","field","Dr DY Patil Sports Academy",58.23,51.14,160,"Rajasthan Royals"
392181,"2009","Cape Town","League","Chennai Super Kings","Mumbai Indians","Chennai Super Kings","field","Newlands",58.23,55.17,139,"Mumbai Indians"
392182,"2009","Cape Town","League","Royal Challengers Bengaluru","Rajasthan Royals","Royal Challengers Bengaluru","bat","Newlands",48.81,51.14,139,"Royal Challengers Bengaluru"
392183,"2009","Cape Town","League","Delhi Capitals","Punjab Kings","Delhi Capitals","field","Newlands",46.00,45.53,139,"Delhi Capitals"
392184,"2009","Cape Town","League","Deccan Chargers","Kolkata Knight Riders","Kolkata Knight Riders","bat","Newlands",38.67,52.19,139,"Deccan Chargers"
392185,"2009","Port Elizabeth","League","Royal Challengers Bengaluru","Chennai Super Kings","Chennai Super Kings","bat","St George's Park",48.81,58.23,159,"Chennai Super Kings"
392186,"2009","Durban","League","Punjab Kings","Kolkata Knight Riders","Kolkata Knight Riders","field","Kingsmead",45.53,52.19,152,"Kolkata Knight Riders"
392188,"2009","Cape Town","League","Royal Challengers Bengaluru","Deccan Chargers","Deccan Chargers","bat","Newlands",48.81,38.67,139,"Deccan Chargers"
392189,"2009","Durban","League","Chennai Super Kings","Delhi Capitals","Delhi Capitals","bat","Kingsmead",58.23,46.00,152,"Delhi Capitals"
392190,"2009","Cape Town","League","Kolkata Knight Riders","Rajasthan Royals","Kolkata Knight Riders","field","Newlands",52.19,51.14,139,"Rajasthan Royals"
392191,"2009","Durban","League","Royal Challengers Bengaluru","Punjab Kings","Royal Challengers Bengaluru","bat","Kingsmead",48.81,45.53,152,"Punjab Kings"
392192,"2009","Durban","League","Deccan Chargers","Mumbai Indians","Deccan Chargers","bat","Kingsmead",38.67,55.17,152,"Deccan Chargers"
392194,"2009","Port Elizabeth","League","Royal Challengers Bengaluru","Delhi Capitals","Royal Challengers Bengaluru","bat","St George's Park",48.81,46.00,159,"Delhi Capitals"
392195,"2009","Cape Town","League","Punjab Kings","Rajasthan Royals","Punjab Kings","bat","Newlands",45.53,51.14,139,"Punjab Kings"
392196,"2009","Durban","League","Chennai Super Kings","Deccan Chargers","Deccan Chargers","field","Kingsmead",58.23,38.67,152,"Deccan Chargers"
392197,"2009","Port Elizabeth","League","Kolkata Knight Riders","Mumbai Indians","Mumbai Indians","bat","St George's Park",52.19,55.17,159,"Mumbai Indians"
392198,"2009","Centurion","League","Delhi Capitals","Rajasthan Royals","Delhi Capitals","bat","SuperSport Park",46.00,51.14,155,"Rajasthan Royals"
392199,"2009","Durban","League","Royal Challengers Bengaluru","Kolkata Knight Riders","Kolkata Knight Riders","bat","Kingsmead",48.81,52.19,152,"Royal Challengers Bengaluru"
392200,"2009","Durban","League","Punjab Kings","Mumbai Indians","Punjab Kings","bat","Kingsmead",45.53,55.17,152,"Punjab Kings"
392201,"2009","Centurion","League","Deccan Chargers","Delhi Capitals","Delhi Capitals","field","SuperSport Park",38.67,46.00,155,"Delhi Capitals"
392202,"2009","Centurion","League","Chennai Super Kings","Rajasthan Royals","Rajasthan Royals","field","SuperSport Park",58.23,51.14,155,"Chennai Super Kings"
392203,"2009","East London","League","Kolkata Knight Riders","Mumbai Indians","Mumbai Indians","bat","Buffalo Park",52.19,55.17,147,"Mumbai Indians"
392204,"2009","Durban","League","Royal Challengers Bengaluru","Punjab Kings","Royal Challengers Bengaluru","bat","Kingsmead",48.81,45.53,152,"Royal Challengers Bengaluru"
392205,"2009","Port Elizabeth","League","Deccan Chargers","Rajasthan Royals","Deccan Chargers","bat","St George's Park",38.67,51.14,159,"Rajasthan Royals"
392206,"2009","Johannesburg","League","Chennai Super Kings","Delhi Capitals","Delhi Capitals","field","New Wanderers Stadium",58.23,46.00,144,"Chennai Super Kings"
392207,"2009","Port Elizabeth","League","Punjab Kings","Kolkata Knight Riders","Kolkata Knight Riders","bat","St George's Park",45.53,52.19,159,"Punjab Kings"
392208,"2009","Johannesburg","League","Royal Challengers Bengaluru","Mumbai Indians","Mumbai Indians","bat","New Wanderers Stadium",48.81,55.17,144,"Royal Challengers Bengaluru"
392209,"2009","East London","League","Chennai Super Kings","Deccan Chargers","Chennai Super Kings","bat","Buffalo Park",58.23,38.67,147,"Chennai Super Kings"
392210,"2009","Durban","League","Punjab Kings","Rajasthan Royals","Punjab Kings","field","Kingsmead",45.53,51.14,152,"Rajasthan Royals"
392211,"2009","Durban","League","Delhi Capitals","Kolkata Knight Riders","Kolkata Knight Riders","bat","Kingsmead",46.00,52.19,152,"Delhi Capitals"
392212,"2009","Centurion","League","Deccan Chargers","Mumbai Indians","Deccan Chargers","bat","SuperSport Park",38.67,55.17,155,"Deccan Chargers"
392213,"2009","Centurion","League","Royal Challengers Bengaluru","Rajasthan Royals","Rajasthan Royals","field","SuperSport Park",48.81,51.14,155,"Rajasthan Royals"
392214,"2009","Centurion","League","Chennai Super Kings","Punjab Kings","Chennai Super Kings","bat","SuperSport Park",58.23,45.53,155,"Chennai Super Kings"
392215,"2009","East London","League","Delhi Capitals","Mumbai Indians","Mumbai Indians","bat","Buffalo Park",46.00,55.17,147,"Delhi Capitals"
392216,"2009","Kimberley","League","Deccan Chargers","Punjab Kings","Punjab Kings","field","De Beers Diamond Oval",38.67,45.53,158,"Punjab Kings"
392217,"2009","Kimberley","League","Chennai Super Kings","Rajasthan Royals","Rajasthan Royals","bat","De Beers Diamond Oval",58.23,51.14,158,"Chennai Super Kings"
392218,"2009","Port Elizabeth","League","Royal Challengers Bengaluru","Mumbai Indians","Mumbai Indians","bat","St George's Park",48.81,55.17,159,"Mumbai Indians"
392219,"2009","Johannesburg","League","Delhi Capitals","Kolkata Knight Riders","Delhi Capitals","field","New Wanderers Stadium",46.00,52.19,144,"Delhi Capitals"
392220,"2009","Kimberley","League","Deccan Chargers","Rajasthan Royals","Deccan Chargers","bat","De Beers Diamond Oval",38.67,51.14,158,"Deccan Chargers"
392221,"2009","Centurion","League","Royal Challengers Bengaluru","Kolkata Knight Riders","Royal Challengers Bengaluru","field","SuperSport Park",48.81,52.19,155,"Royal Challengers Bengaluru"
392222,"2009","Centurion","League","Punjab Kings","Mumbai Indians","Punjab Kings","bat","SuperSport Park",45.53,55.17,155,"Mumbai Indians"
392223,"2009","Durban","League","Deccan Chargers","Delhi Capitals","Deccan Chargers","field","Kingsmead",38.67,46.00,152,"Delhi Capitals"
392224,"2009","Durban","League","Royal Challengers Bengaluru","Chennai Super Kings","Chennai Super Kings","bat","Kingsmead",48.81,58.23,152,"Royal Challengers Bengaluru"
392225,"2009","Durban","League","Mumbai Indians","Rajasthan Royals","Rajasthan Royals","bat","Kingsmead",55.17,51.14,152,"Rajasthan Royals"
392226,"2009","Bloemfontein","League","Delhi Capitals","Punjab Kings","Punjab Kings","field","OUTsurance Oval",46.00,45.53,135,"Punjab Kings"
392227,"2009","Port Elizabeth","League","Chennai Super Kings","Mumbai Indians","Mumbai Indians","bat","St George's Park",58.23,55.17,159,"Chennai Super Kings"
392228,"2009","Johannesburg","League","Deccan Chargers","Kolkata Knight Riders","Deccan Chargers","field","New Wanderers Stadium",38.67,52.19,144,"Deccan Chargers"
392229,"2009","Johannesburg","League","Deccan Chargers","Punjab Kings","Deccan Chargers","field","New Wanderers Stadium",38.67,45.53,144,"Punjab Kings"
392230,"2009","Bloemfontein","League","Delhi Capitals","Rajasthan Royals","Delhi Capitals","bat","OUTsurance Oval",46.00,51.14,135,"Delhi Capitals"
392231,"2009","Centurion","League","Chennai Super Kings","Kolkata Knight Riders","Chennai Super Kings","bat","SuperSport Park",58.23,52.19,155,"Kolkata Knight Riders"
392232,"2009","Johannesburg","League","Royal Challengers Bengaluru","Delhi Capitals","Delhi Capitals","bat","New Wanderers Stadium",48.81,46.00,144,"Royal Challengers Bengaluru"
392233,"2009","Durban","League","Kolkata Knight Riders","Rajasthan Royals","Kolkata Knight Riders","field","Kingsmead",52.19,51.14,152,"Kolkata Knight Riders"
392234,"2009","Durban","League","Chennai Super Kings","Punjab Kings","Chennai Super Kings","bat","Kingsmead",58.23,45.53,152,"Chennai Super Kings"
392235,"2009","Centurion","League","Delhi Capitals","Mumbai Indians","Delhi Capitals","field","SuperSport Park",46.00,55.17,155,"Delhi Capitals"
392236,"2009","Centurion","League","Royal Challengers Bengaluru","Deccan Chargers","Royal Challengers Bengaluru","bat","SuperSport Park",48.81,38.67,155,"Royal Challengers Bengaluru"
392237,"2009","Centurion","Semi Final","Delhi Capitals","Deccan Chargers","Deccan Chargers","field","SuperSport Park",46.00,38.67,155,"Deccan Chargers"
392238,"2009","Johannesburg","Semi Final","Royal Challengers Bengaluru","Chennai Super Kings","Royal Challengers Bengaluru","field","New Wanderers Stadium",48.81,58.23,144,"Royal Challengers Bengaluru"
392239,"2009","Johannesburg","Final","Royal Challengers Bengaluru","Deccan Chargers","Royal Challengers Bengaluru","field","New Wanderers Stadium",48.81,38.67,144,"Deccan Chargers"
419106,"2010","Mumbai","League","Deccan Chargers","Kolkata Knight Riders","Deccan Chargers","field","Dr DY Patil Sports Academy",38.67,52.19,160,"Kolkata Knight Riders"
419107,"2010","Mumbai","League","Mumbai Indians","Rajasthan Royals","Mumbai Indians","bat","Brabourne Stadium",55.17,51.14,179,"Mumbai Indians"
419108,"2010","Chandigarh","League","Punjab Kings","Delhi Capitals","Delhi Capitals","field","Punjab Cricket Association IS Bindra Stadium",45.53,46.00,168,"Delhi Capitals"
419109,"2010","Kolkata","League","Kolkata Knight Riders","Royal Challengers Bengaluru","Kolkata Knight Riders","field","Eden Gardens",52.19,48.81,166,"Kolkata Knight Riders"
419110,"2010","Chennai","League","Chennai Super Kings","Deccan Chargers","Deccan Chargers","bat","MA Chidambaram Stadium",58.23,38.67,164,"Deccan Chargers"
419111,"2010","Ahmedabad","League","Rajasthan Royals","Delhi Capitals","Delhi Capitals","field","Sardar Patel Stadium, Motera",51.14,46.00,163,"Delhi Capitals"
419112,"2010","Bangalore","League","Royal Challengers Bengaluru","Punjab Kings","Punjab Kings","bat","M Chinnaswamy Stadium",48.81,45.53,173,"Royal Challengers Bengaluru"
419113,"2010","Kolkata","League","Kolkata Knight Riders","Chennai Super Kings","Chennai Super Kings","bat","Eden Gardens",52.19,58.23,166,"Chennai Super Kings"
419114,"2010","Delhi","League","Delhi Capitals","Mumbai Indians","Delhi Capitals","field","Feroz Shah Kotla",46.00,55.17,162,"Mumbai Indians"
419115,"2010","Bangalore","League","Royal Challengers Bengaluru","Rajasthan Royals","Royal Challengers Bengaluru","field","M Chinnaswamy Stadium",48.81,51.14,173,"Royal Challengers Bengaluru"
419116,"2010","Delhi","League","Delhi Capitals","Chennai Super Kings","Delhi Capitals","bat","Feroz Shah Kotla",46.00,58.23,162,"Chennai Super Kings"
419117,"2010","Cuttack","League","Deccan Chargers","Punjab Kings","Punjab Kings","field","Barabati Stadium",38.67,45.53,168,"Deccan Chargers"
419118,"2010","Ahmedabad","League","Rajasthan Royals","Kolkata Knight Riders","Rajasthan Royals","bat","Sardar Patel Stadium, Motera",51.14,52.19,163,"Rajasthan Royals"
419119,"2010","Mumbai","League","Mumbai Indians","Royal Challengers Bengaluru","Mumbai Indians","bat","Brabourne Stadium",55.17,48.81,179,"Royal Challengers Bengaluru"
419120,"2010","Cuttack","League","Deccan Chargers","Delhi Capitals","Deccan Chargers","bat","Barabati Stadium",38.67,46.00,168,"Deccan Chargers"
419121,"2010","Chennai","League","Chennai Super Kings","Punjab Kings","Chennai Super Kings","field","MA Chidambaram Stadium",58.23,45.53,164,"Punjab Kings"
419122,"2010","Mumbai","League","Mumbai Indians","Kolkata Knight Riders","Kolkata Knight Riders","bat","Brabourne Stadium",55.17,52.19,179,"Mumbai Indians"
419123,"2010","Bangalore","League","Royal Challengers Bengaluru","Chennai Super Kings","Chennai Super Kings","field","M Chinnaswamy Stadium",48.81,58.23,173,"Royal Challengers Bengaluru"
419124,"2010","Chandigarh","League","Punjab Kings","Rajasthan Royals","Punjab Kings","field","Punjab Cricket Association IS Bindra Stadium",45.53,51.14,168,"Rajasthan Royals"
419125,"2010","Mumbai","League","Chennai Super Kings","Mumbai Indians","Mumbai Indians","field","Brabourne Stadium",58.23,55.17,179,"Mumbai Indians"
419126,"2010","Ahmedabad","League","Rajasthan Royals","Deccan Chargers","Deccan Chargers","bat","Sardar Patel Stadium, Motera",51.14,38.67,163,"Rajasthan Royals"
419127,"2010","Chandigarh","League","Punjab Kings","Kolkata Knight Riders","Kolkata Knight Riders","bat","Punjab Cricket Association IS Bindra Stadium",45.53,52.19,168,"Kolkata Knight Riders"
419128,"2010","Bangalore","League","Royal Challengers Bengaluru","Delhi Capitals","Royal Challengers Bengaluru","field","M Chinnaswamy Stadium",48.81,46.00,173,"Delhi Capitals"
419129,"2010","Ahmedabad","League","Rajasthan Royals","Chennai Super Kings","Rajasthan Royals","bat","Sardar Patel Stadium, Motera",51.14,58.23,163,"Rajasthan Royals"
419130,"2010","Mumbai","League","Deccan Chargers","Mumbai Indians","Deccan Chargers","field","Dr DY Patil Sports Academy",38.67,55.17,160,"Mumbai Indians"
419131,"2010","Delhi","League","Delhi Capitals","Kolkata Knight Riders","Delhi Capitals","bat","Feroz Shah Kotla",46.00,52.19,162,"Delhi Capitals"
419132,"2010","Mumbai","League","Mumbai Indians","Punjab Kings","Mumbai Indians","field","Brabourne Stadium",55.17,45.53,179,"Mumbai Indians"
419133,"2010","Chennai","League","Chennai Super Kings","Royal Challengers Bengaluru","Royal Challengers Bengaluru","bat","MA Chidambaram Stadium",58.23,48.81,164,"Chennai Super Kings"
419134,"2010","Delhi","League","Delhi Capitals","Rajasthan Royals","Delhi Capitals","bat","Feroz Shah Kotla",46.00,51.14,162,"Delhi Capitals"
419135,"2010","Kolkata","League","Kolkata Knight Riders","Deccan Chargers","Kolkata Knight Riders","bat","Eden Gardens",52.19,38.67,166,"Kolkata Knight Riders"
419136,"2010","Chandigarh","League","Punjab Kings","Royal Challengers Bengaluru","Punjab Kings","bat","Punjab Cricket Association IS Bindra Stadium",45.53,48.81,168,"Royal Challengers Bengaluru"
419137,"2010","Chennai","League","Chennai Super Kings","Rajasthan Royals","Chennai Super Kings","bat","MA Chidambaram Stadium",58.23,51.14,164,"Chennai Super Kings"
419138,"2010","Mumbai","League","Mumbai Indians","Deccan Chargers","Mumbai Indians","bat","Brabourne Stadium",55.17,38.67,179,"Mumbai Indians"
419139,"2010","Kolkata","League","Kolkata Knight Riders","Punjab Kings","Kolkata Knight Riders","bat","Eden Gardens",52.19,45.53,166,"Punjab Kings"
419140,"2010","Delhi","League","Delhi Capitals","Royal Challengers Bengaluru","Delhi Capitals","bat","Feroz Shah Kotla",46.00,48.81,162,"Delhi Capitals"
419141,"2010","Nagpur","League","Deccan Chargers","Rajasthan Royals","Rajasthan Royals","bat","Vidarbha Cricket Association Stadium, Jamtha",38.67,51.14,149,"Rajasthan Royals"
419142,"2010","Chennai","League","Chennai Super Kings","Mumbai Indians","Chennai Super Kings","bat","MA Chidambaram Stadium",58.23,55.17,164,"Chennai Super Kings"
419143,"2010","Jaipur","League","Rajasthan Royals","Punjab Kings","Punjab Kings","bat","Sawai Mansingh Stadium",51.14,45.53,162,"Rajasthan Royals"
419144,"2010","Kolkata","League","Kolkata Knight Riders","Delhi Capitals","Kolkata Knight Riders","bat","Eden Gardens",52.19,46.00,166,"Kolkata Knight Riders"
419145,"2010","Bangalore","League","Royal Challengers Bengaluru","Deccan Chargers","Deccan Chargers","field","M Chinnaswamy Stadium",48.81,38.67,173,"Deccan Chargers"
419146,"2010","Chandigarh","League","Punjab Kings","Mumbai Indians","Mumbai Indians","bat","Punjab Cricket Association IS Bindra Stadium",45.53,55.17,168,"Punjab Kings"
419147,"2010","Nagpur","League","Deccan Chargers","Chennai Super Kings","Chennai Super Kings","bat","Vidarbha Cricket Association Stadium, Jamtha",38.67,58.23,149,"Deccan Chargers"
419148,"2010","Bangalore","League","Royal Challengers Bengaluru","Kolkata Knight Riders","Royal Challengers Bengaluru","field","M Chinnaswamy Stadium",48.81,52.19,173,"Royal Challengers Bengaluru"
419149,"2010","Delhi","League","Delhi Capitals","Punjab Kings","Delhi Capitals","bat","Feroz Shah Kotla",46.00,45.53,162,"Punjab Kings"
419150,"2010","Jaipur","League","Rajasthan Royals","Mumbai Indians","Rajasthan Royals","field","Sawai Mansingh Stadium",51.14,55.17,162,"Mumbai Indians"
419151,"2010","Nagpur","League","Deccan Chargers","Royal Challengers Bengaluru","Royal Challengers Bengaluru","field","Vidarbha Cricket Association Stadium, Jamtha",38.67,48.81,149,"Deccan Chargers"
419152,"2010","Mumbai","League","Mumbai Indians","Delhi Capitals","Mumbai Indians","bat","Brabourne Stadium",55.17,46.00,179,"Mumbai Indians"
419153,"2010","Chennai","League","Chennai Super Kings","Kolkata Knight Riders","Kolkata Knight Riders","bat","MA Chidambaram Stadium",58.23,52.19,164,"Chennai Super Kings"
419154,"2010","Jaipur","League","Rajasthan Royals","Royal Challengers Bengaluru","Rajasthan Royals","bat","Sawai Mansingh Stadium",51.14,48.81,162,"Royal Challengers Bengaluru"
419155,"2010","Chennai","League","Chennai Super Kings","Delhi Capitals","Chennai Super Kings","bat","MA Chidambaram Stadium",58.23,46.00,164,"Delhi Capitals"
419156,"2010","Dharamsala","League","Punjab Kings","Deccan Chargers","Deccan Chargers","field","Himachal Pradesh Cricket Association Stadium",45.53,38.67,184,"Deccan Chargers"
419157,"2010","Bangalore","League","Royal Challengers Bengaluru","Mumbai Indians","Royal Challengers Bengaluru","field","M Chinnaswamy Stadium",48.81,55.17,173,"Mumbai Indians"
419158,"2010","Kolkata","League","Kolkata Knight Riders","Rajasthan Royals","Rajasthan Royals","bat","Eden Gardens",52.19,51.14,166,"Kolkata Knight Riders"
419159,"2010","Dharamsala","League","Punjab Kings","Chennai Super Kings","Chennai Super Kings","field","Himachal Pradesh Cricket Association Stadium",45.53,58.23,184,"Chennai Super Kings"
419160,"2010","Delhi","League","Delhi Capitals","Deccan Chargers","Deccan Chargers","bat","Feroz Shah Kotla",46.00,38.67,162,"Deccan Chargers"
419161,"2010","Kolkata","League","Kolkata Knight Riders","Mumbai Indians","Mumbai Indians","bat","Eden Gardens",52.19,55.17,166,"Kolkata Knight Riders"
419162,"2010","Mumbai","Semi Final","Royal Challengers Bengaluru","Mumbai Indians","Mumbai Indians","bat","Dr DY Patil Sports Academy",48.81,55.17,160,"Mumbai Indians"
419163,"2010","Mumbai","Semi Final","Chennai Super Kings","Deccan Chargers","Chennai Super Kings","bat","Dr DY Patil Sports Academy",58.23,38.67,160,"Chennai Super Kings"
419164,"2010","Mumbai","3rd Place Play-Off","Royal Challengers Bengaluru","Deccan Chargers","Deccan Chargers","bat","Dr DY Patil Sports Academy",48.81,38.67,160,"Royal Challengers Bengaluru"
419165,"2010","Mumbai","Final","Chennai Super Kings","Mumbai Indians","Chennai Super Kings","bat","Dr DY Patil Sports Academy",58.23,55.17,160,"Chennai Super Kings"
501198,"2011","Chennai","League","Chennai Super Kings","Kolkata Knight Riders","Chennai Super Kings","bat","MA Chidambaram Stadium",58.23,52.19,164,"Chennai Super Kings"
501199,"2011","Hyderabad","League","Deccan Chargers","Rajasthan Royals","Rajasthan Royals","field","Rajiv Gandhi International Stadium",38.67,51.14,163,"Rajasthan Royals"
501200,"2011","Kochi","League","Kochi Tuskers Kerala","Royal Challengers Bengaluru","Kochi Tuskers Kerala","bat","Nehru Stadium",42.86,48.81,147,"Royal Challengers Bengaluru"
501201,"2011","Delhi","League","Delhi Capitals","Mumbai Indians","Delhi Capitals","bat","Feroz Shah Kotla",46.00,55.17,162,"Mumbai Indians"
501202,"2011","Mumbai","League","Pune Warriors","Punjab Kings","Punjab Kings","bat","Dr DY Patil Sports Academy",26.67,45.53,160,"Pune Warriors"
501203,"2011","Kolkata","League","Kolkata Knight Riders","Deccan Chargers","Kolkata Knight Riders","bat","Eden Gardens",52.19,38.67,166,"Kolkata Knight Riders"
501204,"2011","Jaipur","League","Rajasthan Royals","Delhi Capitals","Delhi Capitals","bat","Sawai Mansingh Stadium",51.14,46.00,162,"Rajasthan Royals"
501205,"2011","Bangalore","League","Royal Challengers Bengaluru","Mumbai Indians","Mumbai Indians","field","M Chinnaswamy Stadium",48.81,55.17,173,"Mumbai Indians"
501206,"2011","Chandigarh","League","Punjab Kings","Chennai Super Kings","Punjab Kings","field","Punjab Cricket Association IS Bindra Stadium",45.53,58.23,168,"Punjab Kings"
501207,"2011","Mumbai","League","Pune Warriors","Kochi Tuskers Kerala","Kochi Tuskers Kerala","bat","Dr DY Patil Sports Academy",26.67,42.86,160,"Pune Warriors"
501208,"2011","Hyderabad","League","Deccan Chargers","Royal Challengers Bengaluru","Royal Challengers Bengaluru","field","Rajiv Gandhi International Stadium",38.67,48.81,163,"Deccan Chargers"
501209,"2011","Jaipur","League","Rajasthan Royals","Kolkata Knight Riders","Kolkata Knight Riders","field","Sawai Mansingh Stadium",51.14,52.19,162,"Kolkata Knight Riders"
501210,"2011","Mumbai","League","Mumbai Indians","Kochi Tuskers Kerala","Kochi Tuskers Kerala","field","Wankhede Stadium",55.17,42.86,170,"Kochi Tuskers Kerala"
501211,"2011","Chennai","League","Chennai Super Kings","Royal Challengers Bengaluru","Chennai Super Kings","bat","MA Chidambaram Stadium",58.23,48.81,164,"Chennai Super Kings"
501212,"2011","Hyderabad","League","Deccan Chargers","Punjab Kings","Punjab Kings","field","Rajiv Gandhi International Stadium",38.67,45.53,163,"Punjab Kings"
501213,"2011","Mumbai","League","Pune Warriors","Delhi Capitals","Delhi Capitals","field","Dr DY Patil Sports Academy",26.67,46.00,160,"Delhi Capitals"
501214,"2011","Kolkata","League","Kolkata Knight Riders","Rajasthan Royals","Kolkata Knight Riders","field","Eden Gardens",52.19,51.14,166,"Kolkata Knight Riders"
501215,"2011","Kochi","League","Kochi Tuskers Kerala","Chennai Super Kings","Kochi Tuskers Kerala","field","Nehru Stadium",42.86,58.23,147,"Kochi Tuskers Kerala"
501216,"2011","Delhi","League","Delhi Capitals","Deccan Chargers","Deccan Chargers","bat","Feroz Shah Kotla",46.00,38.67,162,"Deccan Chargers"
501218,"2011","Mumbai","League","Mumbai Indians","Pune Warriors","Pune Warriors","bat","Wankhede Stadium",55.17,26.67,170,"Mumbai Indians"
501219,"2011","Kolkata","League","Kolkata Knight Riders","Kochi Tuskers Kerala","Kolkata Knight Riders","field","Eden Gardens",52.19,42.86,166,"Kochi Tuskers Kerala"
501220,"2011","Chandigarh","League","Punjab Kings","Rajasthan Royals","Rajasthan Royals","field","Punjab Cricket Association IS Bindra Stadium",45.53,51.14,168,"Punjab Kings"
501221,"2011","Mumbai","League","Mumbai Indians","Chennai Super Kings","Chennai Super Kings","field","Wankhede Stadium",55.17,58.23,170,"Mumbai Indians"
501222,"2011","Kolkata","League","Kolkata Knight Riders","Royal Challengers Bengaluru","Royal Challengers Bengaluru","field","Eden Gardens",52.19,48.81,166,"Royal Challengers Bengaluru"
501223,"2011","Delhi","League","Delhi Capitals","Punjab Kings","Punjab Kings","field","Feroz Shah Kotla",46.00,45.53,162,"Delhi Capitals"
501224,"2011","Hyderabad","League","Deccan Chargers","Mumbai Indians","Deccan Chargers","field","Rajiv Gandhi International Stadium",38.67,55.17,163,"Mumbai Indians"
501225,"2011","Jaipur","League","Rajasthan Royals","Kochi Tuskers Kerala","Rajasthan Royals","field","Sawai Mansingh Stadium",51.14,42.86,162,"Rajasthan Royals"
501226,"2011","Chennai","League","Chennai Super Kings","Pune Warriors","Pune Warriors","field","MA Chidambaram Stadium",58.23,26.67,164,"Chennai Super Kings"
501227,"2011","Delhi","League","Delhi Capitals","Royal Challengers Bengaluru","Royal Challengers Bengaluru","field","Feroz Shah Kotla",46.00,48.81,162,"Royal Challengers Bengaluru"
501228,"2011","Mumbai","League","Pune Warriors","Chennai Super Kings","Pune Warriors","bat","Dr DY Patil Sports Academy",26.67,58.23,160,"Chennai Super Kings"
501229,"2011","Kochi","League","Kochi Tuskers Kerala","Deccan Chargers","Kochi Tuskers Kerala","field","Nehru Stadium",42.86,38.67,147,"Deccan Chargers"
501230,"2011","Delhi","League","Delhi Capitals","Kolkata Knight Riders","Delhi Capitals","field","Feroz Shah Kotla",46.00,52.19,162,"Kolkata Knight Riders"
501231,"2011","Jaipur","League","Rajasthan Royals","Mumbai Indians","Rajasthan Royals","field","Sawai Mansingh Stadium",51.14,55.17,162,"Rajasthan Royals"
501232,"2011","Bangalore","League","Royal Challengers Bengaluru","Pune Warriors","Pune Warriors","field","M Chinnaswamy Stadium",48.81,26.67,173,"Royal Challengers Bengaluru"
501233,"2011","Kochi","League","Kochi Tuskers Kerala","Delhi Capitals","Delhi Capitals","bat","Nehru Stadium",42.86,46.00,147,"Delhi Capitals"
501234,"2011","Kolkata","League","Kolkata Knight Riders","Punjab Kings","Kolkata Knight Riders","field","Eden Gardens",52.19,45.53,166,"Kolkata Knight Riders"
501235,"2011","Jaipur","League","Rajasthan Royals","Pune Warriors","Rajasthan Royals","field","Sawai Mansingh Stadium",51.14,26.67,162,"Rajasthan Royals"
501236,"2011","Chennai","League","Chennai Super Kings","Deccan Chargers","Chennai Super Kings","bat","MA Chidambaram Stadium",58.23,38.67,164,"Chennai Super Kings"
501237,"2011","Mumbai","League","Mumbai Indians","Punjab Kings","Punjab Kings","field","Wankhede Stadium",55.17,45.53,170,"Mumbai Indians"
501238,"2011","Delhi","League","Delhi Capitals","Kochi Tuskers Kerala","Kochi Tuskers Kerala","field","Feroz Shah Kotla",46.00,42.86,162,"Kochi Tuskers Kerala"
501239,"2011","Hyderabad","League","Deccan Chargers","Kolkata Knight Riders","Deccan Chargers","field","Rajiv Gandhi International Stadium",38.67,52.19,163,"Kolkata Knight Riders"
501240,"2011","Chennai","League","Chennai Super Kings","Rajasthan Royals","Rajasthan Royals","bat","MA Chidambaram Stadium",58.23,51.14,164,"Chennai Super Kings"
501241,"2011","Mumbai","League","Pune Warriors","Mumbai Indians","Pune Warriors","field","Dr DY Patil Sports Academy",26.67,55.17,160,"Mumbai Indians"
501242,"2011","Kochi","League","Kochi Tuskers Kerala","Kolkata Knight Riders","Kolkata Knight Riders","field","Nehru Stadium",42.86,52.19,147,"Kochi Tuskers Kerala"
501243,"2011","Hyderabad","League","Deccan Chargers","Delhi Capitals","Delhi Capitals","field","Rajiv Gandhi International Stadium",38.67,46.00,163,"Delhi Capitals"
501244,"2011","Bangalore","League","Royal Challengers Bengaluru","Punjab Kings","Punjab Kings","field","M Chinnaswamy Stadium",48.81,45.53,173,"Royal Challengers Bengaluru"
501245,"2011","Kolkata","League","Kolkata Knight Riders","Chennai Super Kings","Chennai Super Kings","bat","Eden Gardens",52.19,58.23,166,"Kolkata Knight Riders"
501246,"2011","Mumbai","League","Mumbai Indians","Delhi Capitals","Delhi Capitals","field","Wankhede Stadium",55.17,46.00,170,"Mumbai Indians"
501247,"2011","Bangalore","League","Royal Challengers Bengaluru","Kochi Tuskers Kerala","Kochi Tuskers Kerala","bat","M Chinnaswamy Stadium",48.81,42.86,173,"Royal Challengers Bengaluru"
501248,"2011","Chandigarh","League","Punjab Kings","Pune Warriors","Punjab Kings","bat","Punjab Cricket Association IS Bindra Stadium",45.53,26.67,168,"Pune Warriors"
501249,"2011","Jaipur","League","Rajasthan Royals","Chennai Super Kings","Rajasthan Royals","field","Sawai Mansingh Stadium",51.14,58.23,162,"Chennai Super Kings"
501250,"2011","Hyderabad","League","Deccan Chargers","Pune Warriors","Deccan Chargers","bat","Rajiv Gandhi International Stadium",38.67,26.67,163,"Pune Warriors"
501251,"2011","Chandigarh","League","Punjab Kings","Mumbai Indians","Mumbai Indians","field","Punjab Cricket Association IS Bindra Stadium",45.53,55.17,168,"Punjab Kings"
501252,"2011","Jaipur","League","Rajasthan Royals","Royal Challengers Bengaluru","Royal Challengers Bengaluru","field","Sawai Mansingh Stadium",51.14,48.81,162,"Royal Challengers Bengaluru"
501253,"2011","Chennai","League","Chennai Super Kings","Delhi Capitals","Chennai Super Kings","bat","MA Chidambaram Stadium",58.23,46.00,164,"Chennai Super Kings"
501254,"2011","Indore","League","Kochi Tuskers Kerala","Punjab Kings","Punjab Kings","field","Holkar Cricket Stadium",42.86,45.53,160,"Punjab Kings"
501255,"2011","Bangalore","League","Royal Challengers Bengaluru","Kolkata Knight Riders","Royal Challengers Bengaluru","field","M Chinnaswamy Stadium",48.81,52.19,173,"Royal Challengers Bengaluru"
501256,"2011","Mumbai","League","Mumbai Indians","Deccan Chargers","Deccan Chargers","bat","Wankhede Stadium",55.17,38.67,170,"Deccan Chargers"
501257,"2011","Dharamsala","League","Punjab Kings","Delhi Capitals","Delhi Capitals","field","Himachal Pradesh Cricket Association Stadium",45.53,46.00,184,"Punjab Kings"
501258,"2011","Indore","League","Kochi Tuskers Kerala","Rajasthan Royals","Kochi Tuskers Kerala","field","Holkar Cricket Stadium",42.86,51.14,160,"Kochi Tuskers Kerala"
501259,"2011","Mumbai","League","Pune Warriors","Deccan Chargers","Deccan Chargers","field","Dr DY Patil Sports Academy",26.67,38.67,160,"Deccan Chargers"
501260,"2011","Dharamsala","League","Punjab Kings","Royal Challengers Bengaluru","Punjab Kings","bat","Himachal Pradesh Cricket Association Stadium",45.53,48.81,184,"Punjab Kings"
501261,"2011","Chennai","League","Chennai Super Kings","Kochi Tuskers Kerala","Chennai Super Kings","bat","MA Chidambaram Stadium",58.23,42.86,164,"Chennai Super Kings"
501262,"2011","Mumbai","League","Pune Warriors","Kolkata Knight Riders","Kolkata Knight Riders","field","Dr DY Patil Sports Academy",26.67,52.19,160,"Kolkata Knight Riders"
501263,"2011","Mumbai","League","Mumbai Indians","Rajasthan Royals","Mumbai Indians","bat","Wankhede Stadium",55.17,51.14,170,"Rajasthan Royals"
501264,"2011","Dharamsala","League","Punjab Kings","Deccan Chargers","Punjab Kings","field","Himachal Pradesh Cricket Association Stadium",45.53,38.67,184,"Deccan Chargers"
501266,"2011","Bangalore","League","Royal Challengers Bengaluru","Chennai Super Kings","Royal Challengers Bengaluru","field","M Chinnaswamy Stadium",48.81,58.23,173,"Royal Challengers Bengaluru"
501267,"2011","Kolkata","League","Kolkata Knight Riders","Mumbai Indians","Mumbai Indians","field","Eden Gardens",52.19,55.17,166,"Mumbai Indians"
501268,"2011","Mumbai","Qualifier 1","Royal Challengers Bengaluru","Chennai Super Kings","Chennai Super Kings","field","Wankhede Stadium",48.81,58.23,170,"Chennai Super Kings"
501269,"2011","Mumbai","Elimination Final","Mumbai Indians","Kolkata Knight Riders","Mumbai Indians","field","Wankhede Stadium",55.17,52.19,170,"Mumbai Indians"
501270,"2011","Chennai","Qualifier 2","Royal Challengers Bengaluru","Mumbai Indians","Mumbai Indians","field","MA Chidambaram Stadium",48.81,55.17,164,"Royal Challengers Bengaluru"
501271,"2011","Chennai","Final","Chennai Super Kings","Royal Challengers Bengaluru","Chennai Super Kings","bat","MA Chidambaram Stadium",58.23,48.81,164,"Chennai Super Kings"
548306,"2012","Chennai","League","Chennai Super Kings","Mumbai Indians","Mumbai Indians","field","MA Chidambaram Stadium",58.23,55.17,164,"Mumbai Indians"
548307,"2012","Kolkata","League","Kolkata Knight Riders","Delhi Capitals","Delhi Capitals","field","Eden Gardens",52.19,46.00,166,"Delhi Capitals"
548308,"2012","Mumbai","League","Mumbai Indians","Pune Warriors","Mumbai Indians","field","Wankhede Stadium",55.17,26.67,170,"Pune Warriors"
548309,"2012","Jaipur","League","Rajasthan Royals","Punjab Kings","Punjab Kings","field","Sawai Mansingh Stadium",51.14,45.53,162,"Rajasthan Royals"
548310,"2012","Bangalore","League","Royal Challengers Bengaluru","Delhi Capitals","Delhi Capitals","field","M Chinnaswamy Stadium",48.81,46.00,173,"Royal Challengers Bengaluru"
548311,"2012","Visakhapatnam","League","Deccan Chargers","Chennai Super Kings","Deccan Chargers","field","Dr. Y.S. Rajasekhara Reddy ACA-VDCA Cricket Stadium",38.67,58.23,167,"Chennai Super Kings"
548312,"2012","Jaipur","League","Rajasthan Royals","Kolkata Knight Riders","Kolkata Knight Riders","field","Sawai Mansingh Stadium",51.14,52.19,162,"Rajasthan Royals"
548313,"2012","Pune","League","Pune Warriors","Punjab Kings","Pune Warriors","bat","Subrata Roy Sahara Stadium",26.67,45.53,149,"Pune Warriors"
548314,"2012","Visakhapatnam","League","Deccan Chargers","Mumbai Indians","Deccan Chargers","bat","Dr. Y.S. Rajasekhara Reddy ACA-VDCA Cricket Stadium",38.67,55.17,167,"Mumbai Indians"
548315,"2012","Bangalore","League","Royal Challengers Bengaluru","Kolkata Knight Riders","Royal Challengers Bengaluru","field","M Chinnaswamy Stadium",48.81,52.19,173,"Kolkata Knight Riders"
548316,"2012","Delhi","League","Delhi Capitals","Chennai Super Kings","Delhi Capitals","field","Feroz Shah Kotla",46.00,58.23,162,"Delhi Capitals"
548317,"2012","Mumbai","League","Mumbai Indians","Rajasthan Royals","Rajasthan Royals","field","Wankhede Stadium",55.17,51.14,170,"Mumbai Indians"
548318,"2012","Chennai","League","Chennai Super Kings","Royal Challengers Bengaluru","Royal Challengers Bengaluru","bat","MA Chidambaram Stadium",58.23,48.81,164,"Chennai Super Kings"
548319,"2012","Chandigarh","League","Punjab Kings","Pune Warriors","Punjab Kings","field","Punjab Cricket Association IS Bindra Stadium",45.53,26.67,168,"Punjab Kings"
548320,"2012","Kolkata","League","Kolkata Knight Riders","Rajasthan Royals","Rajasthan Royals","bat","Eden Gardens",52.19,51.14,166,"Kolkata Knight Riders"
548321,"2012","Delhi","League","Delhi Capitals","Deccan Chargers","Deccan Chargers","bat","Feroz Shah Kotla",46.00,38.67,162,"Delhi Capitals"
548322,"2012","Pune","League","Pune Warriors","Chennai Super Kings","Chennai Super Kings","bat","Subrata Roy Sahara Stadium",26.67,58.23,149,"Pune Warriors"
548323,"2012","Kolkata","League","Kolkata Knight Riders","Punjab Kings","Kolkata Knight Riders","field","Eden Gardens",52.19,45.53,166,"Punjab Kings"
548324,"2012","Bangalore","League","Royal Challengers Bengaluru","Rajasthan Royals","Rajasthan Royals","bat","M Chinnaswamy Stadium",48.81,51.14,173,"Rajasthan Royals"
548325,"2012","Mumbai","League","Mumbai Indians","Delhi Capitals","Delhi Capitals","field","Wankhede Stadium",55.17,46.00,170,"Delhi Capitals"
548326,"2012","Jaipur","League","Rajasthan Royals","Deccan Chargers","Deccan Chargers","bat","Sawai Mansingh Stadium",51.14,38.67,162,"Rajasthan Royals"
548327,"2012","Bangalore","League","Royal Challengers Bengaluru","Pune Warriors","Pune Warriors","bat","M Chinnaswamy Stadium",48.81,26.67,173,"Royal Challengers Bengaluru"
548328,"2012","Chandigarh","League","Punjab Kings","Kolkata Knight Riders","Punjab Kings","bat","Punjab Cricket Association IS Bindra Stadium",45.53,52.19,168,"Kolkata Knight Riders"
548329,"2012","Hyderabad","League","Deccan Chargers","Delhi Capitals","Deccan Chargers","bat","Rajiv Gandhi International Stadium",38.67,46.00,163,"Delhi Capitals"
548330,"2012","Chennai","League","Chennai Super Kings","Pune Warriors","Pune Warriors","field","MA Chidambaram Stadium",58.23,26.67,164,"Chennai Super Kings"
548331,"2012","Chandigarh","League","Punjab Kings","Royal Challengers Bengaluru","Royal Challengers Bengaluru","field","Punjab Cricket Association IS Bindra Stadium",45.53,48.81,168,"Royal Challengers Bengaluru"
548332,"2012","Chennai","League","Chennai Super Kings","Rajasthan Royals","Rajasthan Royals","bat","MA Chidambaram Stadium",58.23,51.14,164,"Chennai Super Kings"
548333,"2012","Delhi","League","Delhi Capitals","Pune Warriors","Delhi Capitals","field","Feroz Shah Kotla",46.00,26.67,162,"Pune Warriors"
548334,"2012","Mumbai","League","Mumbai Indians","Punjab Kings","Mumbai Indians","bat","Wankhede Stadium",55.17,45.53,170,"Punjab Kings"
548335,"2012","Cuttack","League","Deccan Chargers","Kolkata Knight Riders","Kolkata Knight Riders","field","Barabati Stadium",38.67,52.19,168,"Kolkata Knight Riders"
548336,"2012","Jaipur","League","Rajasthan Royals","Royal Challengers Bengaluru","Rajasthan Royals","field","Sawai Mansingh Stadium",51.14,48.81,162,"Royal Challengers Bengaluru"
548337,"2012","Pune","League","Pune Warriors","Delhi Capitals","Pune Warriors","bat","Subrata Roy Sahara Stadium",26.67,46.00,149,"Delhi Capitals"
548339,"2012","Chandigarh","League","Punjab Kings","Mumbai Indians","Punjab Kings","bat","Punjab Cricket Association IS Bindra Stadium",45.53,55.17,168,"Mumbai Indians"
548341,"2012","Pune","League","Pune Warriors","Deccan Chargers","Deccan Chargers","bat","Subrata Roy Sahara Stadium",26.67,38.67,149,"Deccan Chargers"
548342,"2012","Delhi","League","Delhi Capitals","Mumbai Indians","Mumbai Indians","field","Feroz Shah Kotla",46.00,55.17,162,"Delhi Capitals"
548343,"2012","Chennai","League","Chennai Super Kings","Punjab Kings","Punjab Kings","bat","MA Chidambaram Stadium",58.23,45.53,164,"Punjab Kings"
548344,"2012","Kolkata","League","Kolkata Knight Riders","Royal Challengers Bengaluru","Kolkata Knight Riders","bat","Eden Gardens",52.19,48.81,166,"Kolkata Knight Riders"
548345,"2012","Delhi","League","Delhi Capitals","Rajasthan Royals","Delhi Capitals","bat","Feroz Shah Kotla",46.00,51.14,162,"Delhi Capitals"
548346,"2012","Mumbai","League","Mumbai Indians","Deccan Chargers","Mumbai Indians","field","Wankhede Stadium",55.17,38.67,170,"Mumbai Indians"
548347,"2012","Chennai","League","Chennai Super Kings","Kolkata Knight Riders","Chennai Super Kings","bat","MA Chidambaram Stadium",58.23,52.19,164,"Kolkata Knight Riders"
548348,"2012","Cuttack","League","Deccan Chargers","Pune Warriors","Deccan Chargers","bat","Barabati Stadium",38.67,26.67,168,"Deccan Chargers"
548349,"2012","Jaipur","League","Rajasthan Royals","Delhi Capitals","Rajasthan Royals","bat","Sawai Mansingh Stadium",51.14,46.00,162,"Delhi Capitals"
548350,"2012","Bangalore","League","Royal Challengers Bengaluru","Punjab Kings","Punjab Kings","field","M Chinnaswamy Stadium",48.81,45.53,173,"Punjab Kings"
548351,"2012","Pune","League","Pune Warriors","Mumbai Indians","Mumbai Indians","bat","Subrata Roy Sahara Stadium",26.67,55.17,149,"Mumbai Indians"
548352,"2012","Chennai","League","Chennai Super Kings","Deccan Chargers","Chennai Super Kings","bat","MA Chidambaram Stadium",58.23,38.67,164,"Chennai Super Kings"
548353,"2012","Kolkata","League","Kolkata Knight Riders","Pune Warriors","Kolkata Knight Riders","bat","Eden Gardens",52.19,26.67,166,"Kolkata Knight Riders"
548354,"2012","Chandigarh","League","Punjab Kings","Rajasthan Royals","Rajasthan Royals","bat","Punjab Cricket Association IS Bindra Stadium",45.53,51.14,168,"Rajasthan Royals"
548355,"2012","Mumbai","League","Mumbai Indians","Chennai Super Kings","Mumbai Indians","field","Wankhede Stadium",55.17,58.23,170,"Mumbai Indians"
548356,"2012","Bangalore","League","Royal Challengers Bengaluru","Deccan Chargers","Royal Challengers Bengaluru","field","M Chinnaswamy Stadium",48.81,38.67,173,"Royal Challengers Bengaluru"
548357,"2012","Delhi","League","Delhi Capitals","Kolkata Knight Riders","Delhi Capitals","bat","Feroz Shah Kotla",46.00,52.19,162,"Kolkata Knight Riders"
548358,"2012","Pune","League","Pune Warriors","Rajasthan Royals","Pune Warriors","bat","Subrata Roy Sahara Stadium",26.67,51.14,149,"Rajasthan Royals"
548359,"2012","Hyderabad","League","Deccan Chargers","Punjab Kings","Deccan Chargers","field","Rajiv Gandhi International Stadium",38.67,45.53,163,"Punjab Kings"
548360,"2012","Mumbai","League","Mumbai Indians","Royal Challengers Bengaluru","Royal Challengers Bengaluru","field","Wankhede Stadium",55.17,48.81,170,"Royal Challengers Bengaluru"
548361,"2012","Jaipur","League","Rajasthan Royals","Chennai Super Kings","Chennai Super Kings","field","Sawai Mansingh Stadium",51.14,58.23,162,"Chennai Super Kings"
548362,"2012","Pune","League","Pune Warriors","Royal Challengers Bengaluru","Pune Warriors","field","Subrata Roy Sahara Stadium",26.67,48.81,149,"Royal Challengers Bengaluru"
548363,"2012","Kolkata","League","Kolkata Knight Riders","Mumbai Indians","Mumbai Indians","bat","Eden Gardens",52.19,55.17,166,"Mumbai Indians"
548364,"2012","Chennai","League","Chennai Super Kings","Delhi Capitals","Chennai Super Kings","field","MA Chidambaram Stadium",58.23,46.00,164,"Chennai Super Kings"
548365,"2012","Jaipur","League","Rajasthan Royals","Pune Warriors","Rajasthan Royals","bat","Sawai Mansingh Stadium",51.14,26.67,162,"Rajasthan Royals"
548366,"2012","Chandigarh","League","Punjab Kings","Deccan Chargers","Deccan Chargers","bat","Punjab Cricket Association IS Bindra Stadium",45.53,38.67,168,"Punjab Kings"
548367,"2012","Bangalore","League","Royal Challengers Bengaluru","Mumbai Indians","Mumbai Indians","field","M Chinnaswamy Stadium",48.81,55.17,173,"Mumbai Indians"
548368,"2012","Kolkata","League","Kolkata Knight Riders","Chennai Super Kings","Chennai Super Kings","field","Eden Gardens",52.19,58.23,166,"Chennai Super Kings"
548369,"2012","Delhi","League","Delhi Capitals","Punjab Kings","Punjab Kings","bat","Feroz Shah Kotla",46.00,45.53,162,"Delhi Capitals"
548370,"2012","Mumbai","League","Mumbai Indians","Kolkata Knight Riders","Mumbai Indians","field","Wankhede Stadium",55.17,52.19,170,"Kolkata Knight Riders"
548371,"2012","Dharamsala","League","Punjab Kings","Chennai Super Kings","Punjab Kings","field","Himachal Pradesh Cricket Association Stadium",45.53,58.23,184,"Punjab Kings"
548372,"2012","Delhi","League","Delhi Capitals","Royal Challengers Bengaluru","Delhi Capitals","field","Feroz Shah Kotla",46.00,48.81,162,"Royal Challengers Bengaluru"
548373,"2012","Hyderabad","League","Deccan Chargers","Rajasthan Royals","Rajasthan Royals","bat","Rajiv Gandhi International Stadium",38.67,51.14,163,"Deccan Chargers"
548374,"2012","Dharamsala","League","Punjab Kings","Delhi Capitals","Delhi Capitals","field","Himachal Pradesh Cricket Association Stadium",45.53,46.00,184,"Delhi Capitals"
548375,"2012","Pune","League","Pune Warriors","Kolkata Knight Riders","Kolkata Knight Riders","bat","Subrata Roy Sahara Stadium",26.67,52.19,149,"Kolkata Knight Riders"
548376,"2012","Hyderabad","League","Deccan Chargers","Royal Challengers Bengaluru","Royal Challengers Bengaluru","field","Rajiv Gandhi International Stadium",38.67,48.81,163,"Deccan Chargers"
548377,"2012","Jaipur","League","Rajasthan Royals","Mumbai Indians","Rajasthan Royals","bat","Sawai Mansingh Stadium",51.14,55.17,162,"Mumbai Indians"
548378,"2012","Pune","Qualifier 1","Delhi Capitals","Kolkata Knight Riders","Kolkata Knight Riders","bat","Subrata Roy Sahara Stadium",46.00,52.19,149,"Kolkata Knight Riders"
548379,"2012","Bangalore","Elimination Final","Chennai Super Kings","Mumbai Indians","Mumbai Indians","field","M Chinnaswamy Stadium",58.23,55.17,173,"Chennai Super Kings"
548380,"2012","Chennai","Qualifier 2","Delhi Capitals","Chennai Super Kings","Delhi Capitals","field","MA Chidambaram Stadium",46.00,58.23,164,"Chennai Super Kings"
548381,"2012","Chennai","Final","Kolkata Knight Riders","Chennai Super Kings","Chennai Super Kings","bat","MA Chidambaram Stadium",52.19,58.23,164,"Kolkata Knight Riders"
597998,"2013","Kolkata","League","Kolkata Knight Riders","Delhi Capitals","Kolkata Knight Riders","field","Eden Gardens",52.19,46.00,166,"Kolkata Knight Riders"
597999,"2013","Bangalore","League","Royal Challengers Bengaluru","Mumbai Indians","Mumbai Indians","field","M Chinnaswamy Stadium",48.81,55.17,173,"Royal Challengers Bengaluru"
598000,"2013","Hyderabad","League","Sunrisers Hyderabad","Pune Warriors","Pune Warriors","field","Rajiv Gandhi International Stadium",48.35,26.67,163,"Sunrisers Hyderabad"
598001,"2013","Delhi","League","Delhi Capitals","Rajasthan Royals","Rajasthan Royals","bat","Feroz Shah Kotla",46.00,51.14,162,"Rajasthan Royals"
598002,"2013","Chennai","League","Chennai Super Kings","Mumbai Indians","Mumbai Indians","bat","MA Chidambaram Stadium",58.23,55.17,164,"Mumbai Indians"
598003,"2013","Pune","League","Pune Warriors","Punjab Kings","Pune Warriors","bat","Subrata Roy Sahara Stadium",26.67,45.53,149,"Punjab Kings"
598004,"2013","Hyderabad","League","Sunrisers Hyderabad","Royal Challengers Bengaluru","Royal Challengers Bengaluru","bat","Rajiv Gandhi International Stadium",48.35,48.81,163,"Sunrisers Hyderabad"
598005,"2013","Jaipur","League","Rajasthan Royals","Kolkata Knight Riders","Kolkata Knight Riders","field","Sawai Mansingh Stadium",51.14,52.19,162,"Rajasthan Royals"
598006,"2013","Mumbai","League","Mumbai Indians","Delhi Capitals","Mumbai Indians","bat","Wankhede Stadium",55.17,46.00,170,"Mumbai Indians"
598007,"2013","Chandigarh","League","Punjab Kings","Chennai Super Kings","Chennai Super Kings","field","Punjab Cricket Association IS Bindra Stadium",45.53,58.23,168,"Chennai Super Kings"
598008,"2013","Bangalore","League","Royal Challengers Bengaluru","Kolkata Knight Riders","Royal Challengers Bengaluru","field","M Chinnaswamy Stadium",48.81,52.19,173,"Royal Challengers Bengaluru"
598009,"2013","Pune","League","Pune Warriors","Rajasthan Royals","Rajasthan Royals","bat","Subrata Roy Sahara Stadium",26.67,51.14,149,"Pune Warriors"
598010,"2013","Delhi","League","Delhi Capitals","Sunrisers Hyderabad","Delhi Capitals","bat","Feroz Shah Kotla",46.00,48.35,162,"Sunrisers Hyderabad"
598011,"2013","Mumbai","League","Mumbai Indians","Pune Warriors","Mumbai Indians","bat","Wankhede Stadium",55.17,26.67,170,"Mumbai Indians"
598012,"2013","Chennai","League","Chennai Super Kings","Royal Challengers Bengaluru","Chennai Super Kings","field","MA Chidambaram Stadium",58.23,48.81,164,"Chennai Super Kings"
598013,"2013","Kolkata","League","Kolkata Knight Riders","Sunrisers Hyderabad","Kolkata Knight Riders","bat","Eden Gardens",52.19,48.35,166,"Kolkata Knight Riders"
598014,"2013","Jaipur","League","Rajasthan Royals","Punjab Kings","Rajasthan Royals","field","Sawai Mansingh Stadium",51.14,45.53,162,"Rajasthan Royals"
598015,"2013","Chennai","League","Chennai Super Kings","Pune Warriors","Pune Warriors","bat","MA Chidambaram Stadium",58.23,26.67,164,"Pune Warriors"
598016,"2013","Chandigarh","League","Punjab Kings","Kolkata Knight Riders","Kolkata Knight Riders","field","Punjab Cricket Association IS Bindra Stadium",45.53,52.19,168,"Punjab Kings"
598017,"2013","Bangalore","League","Royal Challengers Bengaluru","Delhi Capitals","Royal Challengers Bengaluru","field","M Chinnaswamy Stadium",48.81,46.00,173,"Royal Challengers Bengaluru"
598018,"2013","Pune","League","Pune Warriors","Sunrisers Hyderabad","Pune Warriors","field","Maharashtra Cricket Association Stadium",26.67,48.35,168,"Sunrisers Hyderabad"
598019,"2013","Jaipur","League","Rajasthan Royals","Mumbai Indians","Rajasthan Royals","bat","Sawai Mansingh Stadium",51.14,55.17,162,"Rajasthan Royals"
598020,"2013","Delhi","League","Delhi Capitals","Chennai Super Kings","Chennai Super Kings","bat","Feroz Shah Kotla",46.00,58.23,162,"Chennai Super Kings"
598021,"2013","Hyderabad","League","Sunrisers Hyderabad","Punjab Kings","Punjab Kings","bat","Rajiv Gandhi International Stadium",48.35,45.53,163,"Sunrisers Hyderabad"
598022,"2013","Kolkata","League","Kolkata Knight Riders","Chennai Super Kings","Kolkata Knight Riders","bat","Eden Gardens",52.19,58.23,166,"Chennai Super Kings"
598023,"2013","Bangalore","League","Royal Challengers Bengaluru","Rajasthan Royals","Royal Challengers Bengaluru","field","M Chinnaswamy Stadium",48.81,51.14,173,"Royal Challengers Bengaluru"
598024,"2013","Delhi","League","Delhi Capitals","Mumbai Indians","Mumbai Indians","bat","Feroz Shah Kotla",46.00,55.17,162,"Delhi Capitals"
598025,"2013","Chandigarh","League","Punjab Kings","Pune Warriors","Punjab Kings","field","Punjab Cricket Association IS Bindra Stadium",45.53,26.67,168,"Punjab Kings"
598026,"2013","Chennai","League","Chennai Super Kings","Rajasthan Royals","Rajasthan Royals","bat","MA Chidambaram Stadium",58.23,51.14,164,"Chennai Super Kings"
598027,"2013","Bangalore","League","Royal Challengers Bengaluru","Pune Warriors","Pune Warriors","field","M Chinnaswamy Stadium",48.81,26.67,173,"Royal Challengers Bengaluru"
598028,"2013","Dharamsala","League","Punjab Kings","Delhi Capitals","Delhi Capitals","field","Himachal Pradesh Cricket Association Stadium",45.53,46.00,184,"Punjab Kings"
598029,"2013","Kolkata","League","Kolkata Knight Riders","Mumbai Indians","Kolkata Knight Riders","bat","Eden Gardens",52.19,55.17,166,"Mumbai Indians"
598030,"2013","Chennai","League","Chennai Super Kings","Sunrisers Hyderabad","Sunrisers Hyderabad","bat","MA Chidambaram Stadium",58.23,48.35,164,"Chennai Super Kings"
598031,"2013","Kolkata","League","Kolkata Knight Riders","Punjab Kings","Punjab Kings","bat","Eden Gardens",52.19,45.53,166,"Kolkata Knight Riders"
598032,"2013","Jaipur","League","Rajasthan Royals","Sunrisers Hyderabad","Sunrisers Hyderabad","bat","Sawai Mansingh Stadium",51.14,48.35,162,"Rajasthan Royals"
598033,"2013","Mumbai","League","Mumbai Indians","Royal Challengers Bengaluru","Mumbai Indians","bat","Wankhede Stadium",55.17,48.81,170,"Mumbai Indians"
598034,"2013","Chennai","League","Chennai Super Kings","Kolkata Knight Riders","Kolkata Knight Riders","field","MA Chidambaram Stadium",58.23,52.19,164,"Chennai Super Kings"
598035,"2013","Raipur","League","Delhi Capitals","Pune Warriors","Pune Warriors","field","Shaheed Veer Narayan Singh International Stadium",46.00,26.67,146,"Delhi Capitals"
598036,"2013","Jaipur","League","Rajasthan Royals","Royal Challengers Bengaluru","Rajasthan Royals","field","Sawai Mansingh Stadium",51.14,48.81,162,"Rajasthan Royals"
598037,"2013","Mumbai","League","Mumbai Indians","Punjab Kings","Mumbai Indians","bat","Wankhede Stadium",55.17,45.53,170,"Mumbai Indians"
598038,"2013","Pune","League","Pune Warriors","Chennai Super Kings","Chennai Super Kings","bat","Subrata Roy Sahara Stadium",26.67,58.23,149,"Chennai Super Kings"
598039,"2013","Hyderabad","League","Sunrisers Hyderabad","Mumbai Indians","Mumbai Indians","bat","Rajiv Gandhi International Stadium",48.35,55.17,163,"Sunrisers Hyderabad"
598040,"2013","Raipur","League","Delhi Capitals","Kolkata Knight Riders","Kolkata Knight Riders","bat","Shaheed Veer Narayan Singh International Stadium",46.00,52.19,146,"Delhi Capitals"
598041,"2013","Chennai","League","Chennai Super Kings","Punjab Kings","Chennai Super Kings","bat","MA Chidambaram Stadium",58.23,45.53,164,"Chennai Super Kings"
598042,"2013","Pune","League","Pune Warriors","Royal Challengers Bengaluru","Royal Challengers Bengaluru","bat","Subrata Roy Sahara Stadium",26.67,48.81,149,"Royal Challengers Bengaluru"
598043,"2013","Kolkata","League","Kolkata Knight Riders","Rajasthan Royals","Rajasthan Royals","bat","Eden Gardens",52.19,51.14,166,"Kolkata Knight Riders"
598044,"2013","Hyderabad","League","Sunrisers Hyderabad","Delhi Capitals","Delhi Capitals","bat","Rajiv Gandhi International Stadium",48.35,46.00,163,"Sunrisers Hyderabad"
598045,"2013","Bangalore","League","Royal Challengers Bengaluru","Punjab Kings","Punjab Kings","field","M Chinnaswamy Stadium",48.81,45.53,173,"Punjab Kings"
598046,"2013","Mumbai","League","Mumbai Indians","Chennai Super Kings","Mumbai Indians","bat","Wankhede Stadium",55.17,58.23,170,"Mumbai Indians"
598047,"2013","Jaipur","League","Rajasthan Royals","Pune Warriors","Pune Warriors","bat","Sawai Mansingh Stadium",51.14,26.67,162,"Rajasthan Royals"
598048,"2013","Bangalore","League","Royal Challengers Bengaluru","Sunrisers Hyderabad","Sunrisers Hyderabad","bat","M Chinnaswamy Stadium",48.81,48.35,173,"Royal Challengers Bengaluru"
598049,"2013","Jaipur","League","Rajasthan Royals","Delhi Capitals","Delhi Capitals","bat","Sawai Mansingh Stadium",51.14,46.00,162,"Rajasthan Royals"
598050,"2013","Mumbai","League","Mumbai Indians","Kolkata Knight Riders","Mumbai Indians","bat","Wankhede Stadium",55.17,52.19,170,"Mumbai Indians"
598051,"2013","Hyderabad","League","Sunrisers Hyderabad","Chennai Super Kings","Sunrisers Hyderabad","field","Rajiv Gandhi International Stadium",48.35,58.23,163,"Chennai Super Kings"
598052,"2013","Chandigarh","League","Punjab Kings","Rajasthan Royals","Rajasthan Royals","field","Punjab Cricket Association IS Bindra Stadium",45.53,51.14,168,"Rajasthan Royals"
598053,"2013","Pune","League","Pune Warriors","Kolkata Knight Riders","Kolkata Knight Riders","bat","Subrata Roy Sahara Stadium",26.67,52.19,149,"Kolkata Knight Riders"
598054,"2013","Delhi","League","Delhi Capitals","Royal Challengers Bengaluru","Delhi Capitals","field","Feroz Shah Kotla",46.00,48.81,162,"Royal Challengers Bengaluru"
598055,"2013","Pune","League","Pune Warriors","Mumbai Indians","Pune Warriors","bat","Subrata Roy Sahara Stadium",26.67,55.17,149,"Mumbai Indians"
598056,"2013","Chandigarh","League","Punjab Kings","Sunrisers Hyderabad","Punjab Kings","field","Punjab Cricket Association IS Bindra Stadium",45.53,48.35,168,"Sunrisers Hyderabad"
598057,"2013","Ranchi","League","Kolkata Knight Riders","Royal Challengers Bengaluru","Kolkata Knight Riders","field","JSCA International Stadium Complex",52.19,48.81,149,"Kolkata Knight Riders"
598058,"2013","Jaipur","League","Rajasthan Royals","Chennai Super Kings","Rajasthan Royals","field","Sawai Mansingh Stadium",51.14,58.23,162,"Rajasthan Royals"
598059,"2013","Delhi","League","Delhi Capitals","Punjab Kings","Punjab Kings","field","Feroz Shah Kotla",46.00,45.53,162,"Punjab Kings"
598060,"2013","Mumbai","League","Mumbai Indians","Sunrisers Hyderabad","Sunrisers Hyderabad","bat","Wankhede Stadium",55.17,48.35,170,"Mumbai Indians"
598061,"2013","Ranchi","League","Kolkata Knight Riders","Pune Warriors","Kolkata Knight Riders","field","JSCA International Stadium Complex",52.19,26.67,149,"Pune Warriors"
598062,"2013","Chennai","League","Chennai Super Kings","Delhi Capitals","Chennai Super Kings","bat","MA Chidambaram Stadium",58.23,46.00,164,"Chennai Super Kings"
598063,"2013","Mumbai","League","Mumbai Indians","Rajasthan Royals","Rajasthan Royals","field","Wankhede Stadium",55.17,51.14,170,"Mumbai Indians"
598064,"2013","Chandigarh","League","Punjab Kings","Royal Challengers Bengaluru","Punjab Kings","field","Punjab Cricket Association IS Bindra Stadium",45.53,48.81,168,"Punjab Kings"
598065,"2013","Hyderabad","League","Sunrisers Hyderabad","Rajasthan Royals","Sunrisers Hyderabad","bat","Rajiv Gandhi International Stadium",48.35,51.14,163,"Sunrisers Hyderabad"
598066,"2013","Dharamsala","League","Punjab Kings","Mumbai Indians","Mumbai Indians","field","Himachal Pradesh Cricket Association Stadium",45.53,55.17,184,"Punjab Kings"
598067,"2013","Pune","League","Pune Warriors","Delhi Capitals","Pune Warriors","bat","Subrata Roy Sahara Stadium",26.67,46.00,149,"Pune Warriors"
598068,"2013","Bangalore","League","Royal Challengers Bengaluru","Chennai Super Kings","Chennai Super Kings","field","M Chinnaswamy Stadium",48.81,58.23,173,"Royal Challengers Bengaluru"
598069,"2013","Hyderabad","League","Sunrisers Hyderabad","Kolkata Knight Riders","Kolkata Knight Riders","bat","Rajiv Gandhi International Stadium",48.35,52.19,163,"Sunrisers Hyderabad"
598070,"2013","Delhi","Qualifier 1","Chennai Super Kings","Mumbai Indians","Chennai Super Kings","bat","Feroz Shah Kotla",58.23,55.17,162,"Chennai Super Kings"
598071,"2013","Delhi","Eliminator","Rajasthan Royals","Sunrisers Hyderabad","Sunrisers Hyderabad","bat","Feroz Shah Kotla",51.14,48.35,162,"Rajasthan Royals"
598072,"2013","Kolkata","Qualifier 2","Mumbai Indians","Rajasthan Royals","Rajasthan Royals","bat","Eden Gardens",55.17,51.14,166,"Mumbai Indians"
598073,"2013","Kolkata","Final","Chennai Super Kings","Mumbai Indians","Mumbai Indians","bat","Eden Gardens",58.23,55.17,166,"Mumbai Indians"
729279,"2014","Abu Dhabi","League","Mumbai Indians","Kolkata Knight Riders","Kolkata Knight Riders","bat","Sheikh Zayed Stadium",55.17,52.19,159,"Kolkata Knight Riders"
729281,"2014","NA","League","Delhi Capitals","Royal Challengers Bengaluru","Royal Challengers Bengaluru","field","Sharjah Cricket Stadium",46.00,48.81,159,"Royal Challengers Bengaluru"
729283,"2014","Abu Dhabi","League","Chennai Super Kings","Punjab Kings","Chennai Super Kings","bat","Sheikh Zayed Stadium",58.23,45.53,159,"Punjab Kings"
729285,"2014","Abu Dhabi","League","Sunrisers Hyderabad","Rajasthan Royals","Rajasthan Royals","field","Sheikh Zayed Stadium",48.35,51.14,159,"Rajasthan Royals"
729287,"2014","NA","League","Royal Challengers Bengaluru","Mumbai Indians","Royal Challengers Bengaluru","field","Dubai International Cricket Stadium",48.81,55.17,164,"Royal Challengers Bengaluru"
729289,"2014","NA","League","Kolkata Knight Riders","Delhi Capitals","Kolkata Knight Riders","bat","Dubai International Cricket Stadium",52.19,46.00,164,"Delhi Capitals"
729291,"2014","NA","League","Rajasthan Royals","Punjab Kings","Punjab Kings","field","Sharjah Cricket Stadium",51.14,45.53,159,"Punjab Kings"
729293,"2014","Abu Dhabi","League","Chennai Super Kings","Delhi Capitals","Chennai Super Kings","bat","Sheikh Zayed Stadium",58.23,46.00,159,"Chennai Super Kings"
729295,"2014","NA","League","Punjab Kings","Sunrisers Hyderabad","Sunrisers Hyderabad","field","Sharjah Cricket Stadium",45.53,48.35,159,"Punjab Kings"
729297,"2014","NA","League","Rajasthan Royals","Chennai Super Kings","Rajasthan Royals","field","Dubai International Cricket Stadium",51.14,58.23,164,"Chennai Super Kings"
729299,"2014","NA","League","Royal Challengers Bengaluru","Kolkata Knight Riders","Royal Challengers Bengaluru","field","Sharjah Cricket Stadium",48.81,52.19,159,"Kolkata Knight Riders"
729301,"2014","NA","League","Sunrisers Hyderabad","Delhi Capitals","Sunrisers Hyderabad","bat","Dubai International Cricket Stadium",48.35,46.00,164,"Sunrisers Hyderabad"
729303,"2014","NA","League","Chennai Super Kings","Mumbai Indians","Mumbai Indians","bat","Dubai International Cricket Stadium",58.23,55.17,164,"Chennai Super Kings"
729305,"2014","Abu Dhabi","League","Rajasthan Royals","Royal Challengers Bengaluru","Rajasthan Royals","field","Sheikh Zayed Stadium",51.14,48.81,159,"Rajasthan Royals"
729307,"2014","Abu Dhabi","League","Kolkata Knight Riders","Punjab Kings","Kolkata Knight Riders","field","Sheikh Zayed Stadium",52.19,45.53,159,"Punjab Kings"
729309,"2014","NA","League","Delhi Capitals","Mumbai Indians","Mumbai Indians","bat","Sharjah Cricket Stadium",46.00,55.17,159,"Delhi Capitals"
729311,"2014","NA","League","Sunrisers Hyderabad","Chennai Super Kings","Sunrisers Hyderabad","bat","Sharjah Cricket Stadium",48.35,58.23,159,"Chennai Super Kings"
729313,"2014","NA","League","Punjab Kings","Royal Challengers Bengaluru","Punjab Kings","field","Dubai International Cricket Stadium",45.53,48.81,164,"Punjab Kings"
729315,"2014","Abu Dhabi","League","Kolkata Knight Riders","Rajasthan Royals","Rajasthan Royals","bat","Sheikh Zayed Stadium",52.19,51.14,159,"Rajasthan Royals"
729317,"2014","NA","League","Mumbai Indians","Sunrisers Hyderabad","Mumbai Indians","field","Dubai International Cricket Stadium",55.17,48.35,164,"Sunrisers Hyderabad"
733971,"2014","Ranchi","League","Chennai Super Kings","Kolkata Knight Riders","Chennai Super Kings","bat","JSCA International Stadium Complex",58.23,52.19,149,"Chennai Super Kings"
733973,"2014","Mumbai","League","Mumbai Indians","Punjab Kings","Punjab Kings","bat","Wankhede Stadium",55.17,45.53,170,"Mumbai Indians"
733975,"2014","Delhi","League","Delhi Capitals","Rajasthan Royals","Rajasthan Royals","field","Feroz Shah Kotla",46.00,51.14,162,"Rajasthan Royals"
733977,"2014","Bangalore","League","Royal Challengers Bengaluru","Sunrisers Hyderabad","Royal Challengers Bengaluru","field","M Chinnaswamy Stadium",48.81,48.35,173,"Royal Challengers Bengaluru"
733979,"2014","Ahmedabad","League","Rajasthan Royals","Kolkata Knight Riders","Kolkata Knight Riders","field","Sardar Patel Stadium, Motera",51.14,52.19,163,"Rajasthan Royals"
733981,"2014","Delhi","League","Delhi Capitals","Chennai Super Kings","Chennai Super Kings","field","Feroz Shah Kotla",46.00,58.23,162,"Chennai Super Kings"
733983,"2014","Mumbai","League","Mumbai Indians","Royal Challengers Bengaluru","Royal Challengers Bengaluru","field","Wankhede Stadium",55.17,48.81,170,"Mumbai Indians"
733985,"2014","Delhi","League","Delhi Capitals","Kolkata Knight Riders","Delhi Capitals","bat","Feroz Shah Kotla",46.00,52.19,162,"Kolkata Knight Riders"
733987,"2014","Cuttack","League","Punjab Kings","Chennai Super Kings","Chennai Super Kings","field","Barabati Stadium",45.53,58.23,168,"Punjab Kings"
733989,"2014","Ahmedabad","League","Rajasthan Royals","Sunrisers Hyderabad","Rajasthan Royals","field","Sardar Patel Stadium, Motera",51.14,48.35,163,"Sunrisers Hyderabad"
733991,"2014","Bangalore","League","Royal Challengers Bengaluru","Punjab Kings","Royal Challengers Bengaluru","field","M Chinnaswamy Stadium",48.81,45.53,173,"Punjab Kings"
733993,"2014","Delhi","League","Delhi Capitals","Sunrisers Hyderabad","Sunrisers Hyderabad","field","Feroz Shah Kotla",46.00,48.35,162,"Sunrisers Hyderabad"
733995,"2014","Mumbai","League","Mumbai Indians","Chennai Super Kings","Chennai Super Kings","field","Wankhede Stadium",55.17,58.23,170,"Chennai Super Kings"
733997,"2014","Cuttack","League","Punjab Kings","Kolkata Knight Riders","Kolkata Knight Riders","field","Barabati Stadium",45.53,52.19,168,"Kolkata Knight Riders"
733999,"2014","Bangalore","League","Royal Challengers Bengaluru","Rajasthan Royals","Royal Challengers Bengaluru","bat","M Chinnaswamy Stadium",48.81,51.14,173,"Rajasthan Royals"
734001,"2014","Hyderabad","League","Sunrisers Hyderabad","Mumbai Indians","Sunrisers Hyderabad","bat","Rajiv Gandhi International Stadium",48.35,55.17,163,"Mumbai Indians"
734003,"2014","Ranchi","League","Chennai Super Kings","Rajasthan Royals","Rajasthan Royals","bat","JSCA International Stadium Complex",58.23,51.14,149,"Chennai Super Kings"
734005,"2014","Bangalore","League","Royal Challengers Bengaluru","Delhi Capitals","Delhi Capitals","field","M Chinnaswamy Stadium",48.81,46.00,173,"Royal Challengers Bengaluru"
734007,"2014","Hyderabad","League","Sunrisers Hyderabad","Punjab Kings","Punjab Kings","field","Rajiv Gandhi International Stadium",48.35,45.53,163,"Punjab Kings"
734009,"2014","Cuttack","League","Kolkata Knight Riders","Mumbai Indians","Kolkata Knight Riders","field","Barabati Stadium",52.19,55.17,168,"Kolkata Knight Riders"
734011,"2014","Ahmedabad","League","Rajasthan Royals","Delhi Capitals","Delhi Capitals","field","Sardar Patel Stadium, Motera",51.14,46.00,163,"Rajasthan Royals"
734013,"2014","Ranchi","League","Chennai Super Kings","Royal Challengers Bengaluru","Chennai Super Kings","bat","JSCA International Stadium Complex",58.23,48.81,149,"Royal Challengers Bengaluru"
734015,"2014","Hyderabad","League","Sunrisers Hyderabad","Kolkata Knight Riders","Sunrisers Hyderabad","bat","Rajiv Gandhi International Stadium",48.35,52.19,163,"Kolkata Knight Riders"
734017,"2014","Ahmedabad","League","Rajasthan Royals","Mumbai Indians","Mumbai Indians","bat","Sardar Patel Stadium, Motera",51.14,55.17,163,"Mumbai Indians"
734019,"2014","Delhi","League","Delhi Capitals","Punjab Kings","Punjab Kings","field","Feroz Shah Kotla",46.00,45.53,162,"Punjab Kings"
734021,"2014","Hyderabad","League","Sunrisers Hyderabad","Royal Challengers Bengaluru","Royal Challengers Bengaluru","bat","Rajiv Gandhi International Stadium",48.35,48.81,163,"Sunrisers Hyderabad"
734023,"2014","Kolkata","League","Kolkata Knight Riders","Chennai Super Kings","Kolkata Knight Riders","field","Eden Gardens",52.19,58.23,166,"Kolkata Knight Riders"
734025,"2014","Chandigarh","League","Punjab Kings","Mumbai Indians","Mumbai Indians","field","Punjab Cricket Association IS Bindra Stadium",45.53,55.17,168,"Mumbai Indians"
734027,"2014","Kolkata","League","Kolkata Knight Riders","Royal Challengers Bengaluru","Royal Challengers Bengaluru","field","Eden Gardens",52.19,48.81,166,"Kolkata Knight Riders"
734029,"2014","Ranchi","League","Chennai Super Kings","Sunrisers Hyderabad","Sunrisers Hyderabad","field","JSCA International Stadium Complex",58.23,48.35,149,"Sunrisers Hyderabad"
734031,"2014","Mumbai","League","Mumbai Indians","Delhi Capitals","Delhi Capitals","field","Wankhede Stadium",55.17,46.00,170,"Mumbai Indians"
734033,"2014","Chandigarh","League","Punjab Kings","Rajasthan Royals","Rajasthan Royals","field","Punjab Cricket Association IS Bindra Stadium",45.53,51.14,168,"Punjab Kings"
734035,"2014","Bangalore","League","Royal Challengers Bengaluru","Chennai Super Kings","Chennai Super Kings","field","M Chinnaswamy Stadium",48.81,58.23,173,"Chennai Super Kings"
734037,"2014","Kolkata","League","Kolkata Knight Riders","Sunrisers Hyderabad","Kolkata Knight Riders","field","Eden Gardens",52.19,48.35,166,"Kolkata Knight Riders"
734039,"2014","Chandigarh","League","Punjab Kings","Delhi Capitals","Punjab Kings","field","Punjab Cricket Association IS Bindra Stadium",45.53,46.00,168,"Punjab Kings"
734041,"2014","Mumbai","League","Mumbai Indians","Rajasthan Royals","Mumbai Indians","field","Wankhede Stadium",55.17,51.14,170,"Mumbai Indians"
734043,"2014","Kolkata","Qualifier 1","Punjab Kings","Kolkata Knight Riders","Punjab Kings","field","Eden Gardens",45.53,52.19,166,"Kolkata Knight Riders"
734045,"2014","Mumbai","Eliminator","Chennai Super Kings","Mumbai Indians","Chennai Super Kings","field","Brabourne Stadium",58.23,55.17,179,"Chennai Super Kings"
734047,"2014","Mumbai","Qualifier 2","Chennai Super Kings","Punjab Kings","Chennai Super Kings","field","Wankhede Stadium",58.23,45.53,170,"Punjab Kings"
734049,"2014","Bangalore","Final","Kolkata Knight Riders","Punjab Kings","Kolkata Knight Riders","field","M Chinnaswamy Stadium",52.19,45.53,173,"Kolkata Knight Riders"
829705,"2015","Kolkata","League","Kolkata Knight Riders","Mumbai Indians","Kolkata Knight Riders","field","Eden Gardens",52.19,55.17,166,"Kolkata Knight Riders"
829707,"2015","Chennai","League","Chennai Super Kings","Delhi Capitals","Delhi Capitals","field","MA Chidambaram Stadium",58.23,46.00,164,"Chennai Super Kings"
829709,"2015","Pune","League","Punjab Kings","Rajasthan Royals","Punjab Kings","field","Maharashtra Cricket Association Stadium",45.53,51.14,168,"Rajasthan Royals"
829711,"2015","Chennai","League","Chennai Super Kings","Sunrisers Hyderabad","Chennai Super Kings","bat","MA Chidambaram Stadium",58.23,48.35,164,"Chennai Super Kings"
829713,"2015","Kolkata","League","Kolkata Knight Riders","Royal Challengers Bengaluru","Royal Challengers Bengaluru","field","Eden Gardens",52.19,48.81,166,"Royal Challengers Bengaluru"
829715,"2015","Delhi","League","Delhi Capitals","Rajasthan Royals","Rajasthan Royals","field","Feroz Shah Kotla",46.00,51.14,162,"Rajasthan Royals"
829717,"2015","Mumbai","League","Mumbai Indians","Punjab Kings","Mumbai Indians","field","Wankhede Stadium",55.17,45.53,170,"Punjab Kings"
829719,"2015","Bangalore","League","Royal Challengers Bengaluru","Sunrisers Hyderabad","Sunrisers Hyderabad","field","M Chinnaswamy Stadium",48.81,48.35,173,"Sunrisers Hyderabad"
829721,"2015","Ahmedabad","League","Rajasthan Royals","Mumbai Indians","Mumbai Indians","bat","Sardar Patel Stadium, Motera",51.14,55.17,163,"Rajasthan Royals"
829723,"2015","Kolkata","League","Kolkata Knight Riders","Chennai Super Kings","Kolkata Knight Riders","field","Eden Gardens",52.19,58.23,166,"Kolkata Knight Riders"
829725,"2015","Pune","League","Punjab Kings","Delhi Capitals","Punjab Kings","bat","Maharashtra Cricket Association Stadium",45.53,46.00,168,"Delhi Capitals"
829727,"2015","Visakhapatnam","League","Sunrisers Hyderabad","Rajasthan Royals","Rajasthan Royals","field","Dr. Y.S. Rajasekhara Reddy ACA-VDCA Cricket Stadium",48.35,51.14,167,"Rajasthan Royals"
829729,"2015","Mumbai","League","Mumbai Indians","Chennai Super Kings","Mumbai Indians","bat","Wankhede Stadium",55.17,58.23,170,"Chennai Super Kings"
829731,"2015","Visakhapatnam","League","Sunrisers Hyderabad","Delhi Capitals","Delhi Capitals","bat","Dr. Y.S. Rajasekhara Reddy ACA-VDCA Cricket Stadium",48.35,46.00,167,"Delhi Capitals"
829733,"2015","Pune","League","Punjab Kings","Kolkata Knight Riders","Kolkata Knight Riders","field","Maharashtra Cricket Association Stadium",45.53,52.19,168,"Kolkata Knight Riders"
829735,"2015","Ahmedabad","League","Rajasthan Royals","Chennai Super Kings","Chennai Super Kings","bat","Sardar Patel Stadium, Motera",51.14,58.23,163,"Rajasthan Royals"
829737,"2015","Bangalore","League","Royal Challengers Bengaluru","Mumbai Indians","Royal Challengers Bengaluru","field","M Chinnaswamy Stadium",48.81,55.17,173,"Mumbai Indians"
829739,"2015","Delhi","League","Delhi Capitals","Kolkata Knight Riders","Kolkata Knight Riders","field","Feroz Shah Kotla",46.00,52.19,162,"Kolkata Knight Riders"
829741,"2015","Ahmedabad","League","Rajasthan Royals","Punjab Kings","Punjab Kings","field","Sardar Patel Stadium, Motera",51.14,45.53,163,"Punjab Kings"
829743,"2015","Visakhapatnam","League","Sunrisers Hyderabad","Kolkata Knight Riders","Kolkata Knight Riders","field","Dr. Y.S. Rajasekhara Reddy ACA-VDCA Cricket Stadium",48.35,52.19,167,"Sunrisers Hyderabad"
829745,"2015","Bangalore","League","Royal Challengers Bengaluru","Chennai Super Kings","Royal Challengers Bengaluru","field","M Chinnaswamy Stadium",48.81,58.23,173,"Chennai Super Kings"
829747,"2015","Delhi","League","Delhi Capitals","Mumbai Indians","Mumbai Indians","field","Feroz Shah Kotla",46.00,55.17,162,"Delhi Capitals"
829749,"2015","Ahmedabad","League","Rajasthan Royals","Royal Challengers Bengaluru","Royal Challengers Bengaluru","field","Sardar Patel Stadium, Motera",51.14,48.81,163,"Royal Challengers Bengaluru"
829751,"2015","Mumbai","League","Mumbai Indians","Sunrisers Hyderabad","Mumbai Indians","bat","Wankhede Stadium",55.17,48.35,170,"Mumbai Indians"
829753,"2015","Chennai","League","Chennai Super Kings","Punjab Kings","Chennai Super Kings","bat","MA Chidambaram Stadium",58.23,45.53,164,"Chennai Super Kings"
829757,"2015","Delhi","League","Delhi Capitals","Royal Challengers Bengaluru","Royal Challengers Bengaluru","field","Feroz Shah Kotla",46.00,48.81,162,"Royal Challengers Bengaluru"
829759,"2015","Chandigarh","League","Punjab Kings","Sunrisers Hyderabad","Punjab Kings","field","Punjab Cricket Association IS Bindra Stadium",45.53,48.35,168,"Sunrisers Hyderabad"
829761,"2015","Kolkata","League","Kolkata Knight Riders","Delhi Capitals","Kolkata Knight Riders","bat","Eden Gardens",52.19,46.00,166,"Kolkata Knight Riders"
829765,"2015","Chennai","League","Chennai Super Kings","Kolkata Knight Riders","Kolkata Knight Riders","field","MA Chidambaram Stadium",58.23,52.19,164,"Chennai Super Kings"
829767,"2015","Delhi","League","Delhi Capitals","Punjab Kings","Delhi Capitals","field","Feroz Shah Kotla",46.00,45.53,162,"Delhi Capitals"
829769,"2015","Mumbai","League","Mumbai Indians","Rajasthan Royals","Rajasthan Royals","field","Wankhede Stadium",55.17,51.14,170,"Mumbai Indians"
829771,"2015","Bangalore","League","Royal Challengers Bengaluru","Kolkata Knight Riders","Royal Challengers Bengaluru","field","M Chinnaswamy Stadium",48.81,52.19,173,"Royal Challengers Bengaluru"
829773,"2015","Hyderabad","League","Sunrisers Hyderabad","Chennai Super Kings","Chennai Super Kings","field","Rajiv Gandhi International Stadium",48.35,58.23,163,"Sunrisers Hyderabad"
829775,"2015","Chandigarh","League","Punjab Kings","Mumbai Indians","Mumbai Indians","bat","Punjab Cricket Association IS Bindra Stadium",45.53,55.17,168,"Mumbai Indians"
829777,"2015","Mumbai","League","Rajasthan Royals","Delhi Capitals","Delhi Capitals","field","Brabourne Stadium",51.14,46.00,179,"Rajasthan Royals"
829779,"2015","Chennai","League","Chennai Super Kings","Royal Challengers Bengaluru","Chennai Super Kings","bat","MA Chidambaram Stadium",58.23,48.81,164,"Chennai Super Kings"
829781,"2015","Kolkata","League","Kolkata Knight Riders","Sunrisers Hyderabad","Sunrisers Hyderabad","field","Eden Gardens",52.19,48.35,166,"Kolkata Knight Riders"
829783,"2015","Mumbai","League","Mumbai Indians","Delhi Capitals","Delhi Capitals","bat","Wankhede Stadium",55.17,46.00,170,"Mumbai Indians"
829785,"2015","Bangalore","League","Royal Challengers Bengaluru","Punjab Kings","Punjab Kings","field","M Chinnaswamy Stadium",48.81,45.53,173,"Royal Challengers Bengaluru"
829787,"2015","Mumbai","League","Rajasthan Royals","Sunrisers Hyderabad","Rajasthan Royals","field","Brabourne Stadium",51.14,48.35,179,"Sunrisers Hyderabad"
829789,"2015","Chennai","League","Chennai Super Kings","Mumbai Indians","Chennai Super Kings","bat","MA Chidambaram Stadium",58.23,55.17,164,"Mumbai Indians"
829791,"2015","Kolkata","League","Kolkata Knight Riders","Punjab Kings","Punjab Kings","bat","Eden Gardens",52.19,45.53,166,"Kolkata Knight Riders"
829793,"2015","Raipur","League","Delhi Capitals","Sunrisers Hyderabad","Sunrisers Hyderabad","bat","Shaheed Veer Narayan Singh International Stadium",46.00,48.35,146,"Sunrisers Hyderabad"
829795,"2015","Mumbai","League","Mumbai Indians","Royal Challengers Bengaluru","Royal Challengers Bengaluru","bat","Wankhede Stadium",55.17,48.81,170,"Royal Challengers Bengaluru"
829797,"2015","Chennai","League","Chennai Super Kings","Rajasthan Royals","Chennai Super Kings","bat","MA Chidambaram Stadium",58.23,51.14,164,"Chennai Super Kings"
829799,"2015","Hyderabad","League","Sunrisers Hyderabad","Punjab Kings","Sunrisers Hyderabad","bat","Rajiv Gandhi International Stadium",48.35,45.53,163,"Sunrisers Hyderabad"
829801,"2015","Raipur","League","Delhi Capitals","Chennai Super Kings","Chennai Super Kings","bat","Shaheed Veer Narayan Singh International Stadium",46.00,58.23,146,"Delhi Capitals"
829803,"2015","Chandigarh","League","Punjab Kings","Royal Challengers Bengaluru","Royal Challengers Bengaluru","field","Punjab Cricket Association IS Bindra Stadium",45.53,48.81,168,"Punjab Kings"
829805,"2015","Mumbai","League","Mumbai Indians","Kolkata Knight Riders","Kolkata Knight Riders","field","Wankhede Stadium",55.17,52.19,170,"Mumbai Indians"
829807,"2015","Hyderabad","League","Sunrisers Hyderabad","Royal Challengers Bengaluru","Sunrisers Hyderabad","bat","Rajiv Gandhi International Stadium",48.35,48.81,163,"Royal Challengers Bengaluru"
829809,"2015","Chandigarh","League","Punjab Kings","Chennai Super Kings","Punjab Kings","bat","Punjab Cricket Association IS Bindra Stadium",45.53,58.23,168,"Chennai Super Kings"
829811,"2015","Mumbai","League","Rajasthan Royals","Kolkata Knight Riders","Rajasthan Royals","bat","Brabourne Stadium",51.14,52.19,179,"Rajasthan Royals"
829815,"2015","Hyderabad","League","Sunrisers Hyderabad","Mumbai Indians","Sunrisers Hyderabad","bat","Rajiv Gandhi International Stadium",48.35,55.17,163,"Mumbai Indians"
829817,"2015","Mumbai","Qualifier 1","Chennai Super Kings","Mumbai Indians","Mumbai Indians","bat","Wankhede Stadium",58.23,55.17,170,"Mumbai Indians"
829819,"2015","Pune","Eliminator","Royal Challengers Bengaluru","Rajasthan Royals","Royal Challengers Bengaluru","bat","Maharashtra Cricket Association Stadium",48.81,51.14,168,"Royal Challengers Bengaluru"
829821,"2015","Ranchi","Qualifier 2","Chennai Super Kings","Royal Challengers Bengaluru","Chennai Super Kings","field","JSCA International Stadium Complex",58.23,48.81,149,"Chennai Super Kings"
829823,"2015","Kolkata","Final","Mumbai Indians","Chennai Super Kings","Chennai Super Kings","field","Eden Gardens",55.17,58.23,166,"Mumbai Indians"
980901,"2016","Mumbai","League","Mumbai Indians","Rising Pune Supergiants","Mumbai Indians","bat","Wankhede Stadium",55.17,50.00,170,"Rising Pune Supergiants"
980903,"2016","Kolkata","League","Kolkata Knight Riders","Delhi Capitals","Kolkata Knight Riders","field","Eden Gardens",52.19,46.00,166,"Kolkata Knight Riders"
980905,"2016","Chandigarh","League","Punjab Kings","Gujarat Lions","Gujarat Lions","field","Punjab Cricket Association IS Bindra Stadium",45.53,43.33,168,"Gujarat Lions"
980907,"2016","Bangalore","League","Royal Challengers Bengaluru","Sunrisers Hyderabad","Sunrisers Hyderabad","field","M Chinnaswamy Stadium",48.81,48.35,173,"Royal Challengers Bengaluru"
980909,"2016","Kolkata","League","Kolkata Knight Riders","Mumbai Indians","Mumbai Indians","field","Eden Gardens",52.19,55.17,166,"Mumbai Indians"
980911,"2016","Rajkot","League","Gujarat Lions","Rising Pune Supergiants","Rising Pune Supergiants","bat","Saurashtra Cricket Association Stadium",43.33,50.00,169,"Gujarat Lions"
980913,"2016","Delhi","League","Delhi Capitals","Punjab Kings","Delhi Capitals","field","Feroz Shah Kotla",46.00,45.53,162,"Delhi Capitals"
980915,"2016","Hyderabad","League","Sunrisers Hyderabad","Kolkata Knight Riders","Sunrisers Hyderabad","bat","Rajiv Gandhi International Stadium",48.35,52.19,163,"Kolkata Knight Riders"
980917,"2016","Mumbai","League","Mumbai Indians","Gujarat Lions","Gujarat Lions","field","Wankhede Stadium",55.17,43.33,170,"Gujarat Lions"
980919,"2016","Chandigarh","League","Punjab Kings","Rising Pune Supergiants","Rising Pune Supergiants","bat","Punjab Cricket Association IS Bindra Stadium",45.53,50.00,168,"Punjab Kings"
980921,"2016","Bangalore","League","Royal Challengers Bengaluru","Delhi Capitals","Delhi Capitals","field","M Chinnaswamy Stadium",48.81,46.00,173,"Delhi Capitals"
980923,"2016","Hyderabad","League","Sunrisers Hyderabad","Mumbai Indians","Sunrisers Hyderabad","field","Rajiv Gandhi International Stadium",48.35,55.17,163,"Sunrisers Hyderabad"
980925,"2016","Chandigarh","League","Punjab Kings","Kolkata Knight Riders","Kolkata Knight Riders","field","Punjab Cricket Association IS Bindra Stadium",45.53,52.19,168,"Kolkata Knight Riders"
980927,"2016","Mumbai","League","Mumbai Indians","Royal Challengers Bengaluru","Mumbai Indians","field","Wankhede Stadium",55.17,48.81,170,"Mumbai Indians"
980929,"2016","Rajkot","League","Gujarat Lions","Sunrisers Hyderabad","Sunrisers Hyderabad","field","Saurashtra Cricket Association Stadium",43.33,48.35,169,"Sunrisers Hyderabad"
980931,"2016","Pune","League","Rising Pune Supergiants","Royal Challengers Bengaluru","Rising Pune Supergiants","field","Maharashtra Cricket Association Stadium",50.00,48.81,168,"Royal Challengers Bengaluru"
980933,"2016","Delhi","League","Delhi Capitals","Mumbai Indians","Mumbai Indians","field","Feroz Shah Kotla",46.00,55.17,162,"Delhi Capitals"
980935,"2016","Hyderabad","League","Sunrisers Hyderabad","Punjab Kings","Sunrisers Hyderabad","field","Rajiv Gandhi International Stadium",48.35,45.53,163,"Sunrisers Hyderabad"
980937,"2016","Rajkot","League","Gujarat Lions","Royal Challengers Bengaluru","Royal Challengers Bengaluru","bat","Saurashtra Cricket Association Stadium",43.33,48.81,169,"Gujarat Lions"
980939,"2016","Pune","League","Rising Pune Supergiants","Kolkata Knight Riders","Kolkata Knight Riders","field","Maharashtra Cricket Association Stadium",50.00,52.19,168,"Kolkata Knight Riders"
980941,"2016","Chandigarh","League","Punjab Kings","Mumbai Indians","Punjab Kings","field","Punjab Cricket Association IS Bindra Stadium",45.53,55.17,168,"Mumbai Indians"
980943,"2016","Hyderabad","League","Sunrisers Hyderabad","Rising Pune Supergiants","Rising Pune Supergiants","field","Rajiv Gandhi International Stadium",48.35,50.00,163,"Rising Pune Supergiants"
980945,"2016","Delhi","League","Delhi Capitals","Gujarat Lions","Delhi Capitals","field","Feroz Shah Kotla",46.00,43.33,162,"Gujarat Lions"
980947,"2016","Mumbai","League","Mumbai Indians","Kolkata Knight Riders","Mumbai Indians","field","Wankhede Stadium",55.17,52.19,170,"Mumbai Indians"
980949,"2016","Pune","League","Rising Pune Supergiants","Gujarat Lions","Gujarat Lions","field","Maharashtra Cricket Association Stadium",50.00,43.33,168,"Gujarat Lions"
980951,"2016","Delhi","League","Delhi Capitals","Kolkata Knight Riders","Kolkata Knight Riders","field","Feroz Shah Kotla",46.00,52.19,162,"Delhi Capitals"
980953,"2016","Hyderabad","League","Sunrisers Hyderabad","Royal Challengers Bengaluru","Royal Challengers Bengaluru","field","Rajiv Gandhi International Stadium",48.35,48.81,163,"Sunrisers Hyderabad"
980955,"2016","Rajkot","League","Gujarat Lions","Punjab Kings","Gujarat Lions","field","Saurashtra Cricket Association Stadium",43.33,45.53,169,"Punjab Kings"
980957,"2016","Pune","League","Rising Pune Supergiants","Mumbai Indians","Mumbai Indians","field","Maharashtra Cricket Association Stadium",50.00,55.17,168,"Mumbai Indians"
980959,"2016","Bangalore","League","Royal Challengers Bengaluru","Kolkata Knight Riders","Kolkata Knight Riders","field","M Chinnaswamy Stadium",48.81,52.19,173,"Kolkata Knight Riders"
980961,"2016","Rajkot","League","Gujarat Lions","Delhi Capitals","Delhi Capitals","field","Saurashtra Cricket Association Stadium",43.33,46.00,169,"Delhi Capitals"
980963,"2016","Kolkata","League","Kolkata Knight Riders","Punjab Kings","Punjab Kings","field","Eden Gardens",52.19,45.53,166,"Kolkata Knight Riders"
980965,"2016","Delhi","League","Delhi Capitals","Rising Pune Supergiants","Rising Pune Supergiants","field","Feroz Shah Kotla",46.00,50.00,162,"Rising Pune Supergiants"
980967,"2016","Hyderabad","League","Sunrisers Hyderabad","Gujarat Lions","Sunrisers Hyderabad","field","Rajiv Gandhi International Stadium",48.35,43.33,163,"Sunrisers Hyderabad"
980969,"2016","Bangalore","League","Royal Challengers Bengaluru","Rising Pune Supergiants","Royal Challengers Bengaluru","field","M Chinnaswamy Stadium",48.81,50.00,173,"Royal Challengers Bengaluru"
980971,"2016","Chandigarh","League","Punjab Kings","Delhi Capitals","Delhi Capitals","field","Punjab Cricket Association IS Bindra Stadium",45.53,46.00,168,"Punjab Kings"
980973,"2016","Visakhapatnam","League","Mumbai Indians","Sunrisers Hyderabad","Mumbai Indians","field","Dr. Y.S. Rajasekhara Reddy ACA-VDCA Cricket Stadium",55.17,48.35,167,"Sunrisers Hyderabad"
980975,"2016","Kolkata","League","Kolkata Knight Riders","Gujarat Lions","Gujarat Lions","field","Eden Gardens",52.19,43.33,166,"Gujarat Lions"
980977,"2016","Chandigarh","League","Punjab Kings","Royal Challengers Bengaluru","Punjab Kings","field","Punjab Cricket Association IS Bindra Stadium",45.53,48.81,168,"Royal Challengers Bengaluru"
980979,"2016","Visakhapatnam","League","Rising Pune Supergiants","Sunrisers Hyderabad","Sunrisers Hyderabad","bat","Dr. Y.S. Rajasekhara Reddy ACA-VDCA Cricket Stadium",50.00,48.35,167,"Sunrisers Hyderabad"
980981,"2016","Bangalore","League","Royal Challengers Bengaluru","Mumbai Indians","Mumbai Indians","field","M Chinnaswamy Stadium",48.81,55.17,173,"Mumbai Indians"
980983,"2016","Hyderabad","League","Sunrisers Hyderabad","Delhi Capitals","Delhi Capitals","field","Rajiv Gandhi International Stadium",48.35,46.00,163,"Delhi Capitals"
980985,"2016","Visakhapatnam","League","Mumbai Indians","Punjab Kings","Mumbai Indians","bat","Dr. Y.S. Rajasekhara Reddy ACA-VDCA Cricket Stadium",55.17,45.53,167,"Punjab Kings"
980987,"2016","Bangalore","League","Royal Challengers Bengaluru","Gujarat Lions","Gujarat Lions","field","M Chinnaswamy Stadium",48.81,43.33,173,"Royal Challengers Bengaluru"
980989,"2016","Kolkata","League","Kolkata Knight Riders","Rising Pune Supergiants","Rising Pune Supergiants","bat","Eden Gardens",52.19,50.00,166,"Kolkata Knight Riders"
980991,"2016","Chandigarh","League","Punjab Kings","Sunrisers Hyderabad","Punjab Kings","bat","Punjab Cricket Association IS Bindra Stadium",45.53,48.35,168,"Sunrisers Hyderabad"
980993,"2016","Visakhapatnam","League","Mumbai Indians","Delhi Capitals","Delhi Capitals","field","Dr. Y.S. Rajasekhara Reddy ACA-VDCA Cricket Stadium",55.17,46.00,167,"Mumbai Indians"
980995,"2016","Kolkata","League","Kolkata Knight Riders","Royal Challengers Bengaluru","Royal Challengers Bengaluru","field","Eden Gardens",52.19,48.81,166,"Royal Challengers Bengaluru"
980997,"2016","Visakhapatnam","League","Rising Pune Supergiants","Delhi Capitals","Rising Pune Supergiants","field","Dr. Y.S. Rajasekhara Reddy ACA-VDCA Cricket Stadium",50.00,46.00,167,"Rising Pune Supergiants"
980999,"2016","Bangalore","League","Royal Challengers Bengaluru","Punjab Kings","Punjab Kings","field","M Chinnaswamy Stadium",48.81,45.53,173,"Royal Challengers Bengaluru"
981001,"2016","Kanpur","League","Gujarat Lions","Kolkata Knight Riders","Gujarat Lions","field","Green Park",43.33,52.19,161,"Gujarat Lions"
981003,"2016","Raipur","League","Delhi Capitals","Sunrisers Hyderabad","Delhi Capitals","field","Shaheed Veer Narayan Singh International Stadium",46.00,48.35,146,"Delhi Capitals"
981005,"2016","Visakhapatnam","League","Rising Pune Supergiants","Punjab Kings","Punjab Kings","bat","Dr. Y.S. Rajasekhara Reddy ACA-VDCA Cricket Stadium",50.00,45.53,167,"Rising Pune Supergiants"
981007,"2016","Kanpur","League","Gujarat Lions","Mumbai Indians","Gujarat Lions","field","Green Park",43.33,55.17,161,"Gujarat Lions"
981009,"2016","Kolkata","League","Kolkata Knight Riders","Sunrisers Hyderabad","Sunrisers Hyderabad","field","Eden Gardens",52.19,48.35,166,"Kolkata Knight Riders"
981011,"2016","Raipur","League","Delhi Capitals","Royal Challengers Bengaluru","Royal Challengers Bengaluru","field","Shaheed Veer Narayan Singh International Stadium",46.00,48.81,146,"Royal Challengers Bengaluru"
981013,"2016","Bangalore","Qualifier 1","Gujarat Lions","Royal Challengers Bengaluru","Royal Challengers Bengaluru","field","M Chinnaswamy Stadium",43.33,48.81,173,"Royal Challengers Bengaluru"
981015,"2016","Delhi","Elimination Final","Sunrisers Hyderabad","Kolkata Knight Riders","Kolkata Knight Riders","field","Feroz Shah Kotla",48.35,52.19,162,"Sunrisers Hyderabad"
981017,"2016","Delhi","Qualifier 2","Gujarat Lions","Sunrisers Hyderabad","Sunrisers Hyderabad","field","Feroz Shah Kotla",43.33,48.35,162,"Sunrisers Hyderabad"
981019,"2016","Bangalore","Final","Royal Challengers Bengaluru","Sunrisers Hyderabad","Sunrisers Hyderabad","bat","M Chinnaswamy Stadium",48.81,48.35,173,"Sunrisers Hyderabad"
1082591,"2017","Hyderabad","League","Sunrisers Hyderabad","Royal Challengers Bengaluru","Royal Challengers Bengaluru","field","Rajiv Gandhi International Stadium",48.35,48.81,163,"Sunrisers Hyderabad"
1082592,"2017","Pune","League","Rising Pune Supergiants","Mumbai Indians","Rising Pune Supergiants","field","Maharashtra Cricket Association Stadium",50.00,55.17,168,"Rising Pune Supergiants"
1082593,"2017","Rajkot","League","Gujarat Lions","Kolkata Knight Riders","Kolkata Knight Riders","field","Saurashtra Cricket Association Stadium",43.33,52.19,169,"Kolkata Knight Riders"
1082594,"2017","Indore","League","Punjab Kings","Rising Pune Supergiants","Punjab Kings","field","Holkar Cricket Stadium",45.53,50.00,160,"Punjab Kings"
1082595,"2017","Bengaluru","League","Royal Challengers Bengaluru","Delhi Capitals","Royal Challengers Bengaluru","bat","M Chinnaswamy Stadium",48.81,46.00,173,"Royal Challengers Bengaluru"
1082596,"2017","Hyderabad","League","Sunrisers Hyderabad","Gujarat Lions","Sunrisers Hyderabad","field","Rajiv Gandhi International Stadium",48.35,43.33,163,"Sunrisers Hyderabad"
1082597,"2017","Mumbai","League","Mumbai Indians","Kolkata Knight Riders","Mumbai Indians","field","Wankhede Stadium",55.17,52.19,170,"Mumbai Indians"
1082598,"2017","Indore","League","Punjab Kings","Royal Challengers Bengaluru","Royal Challengers Bengaluru","bat","Holkar Cricket Stadium",45.53,48.81,160,"Punjab Kings"
1082599,"2017","Pune","League","Rising Pune Supergiants","Delhi Capitals","Rising Pune Supergiants","field","Maharashtra Cricket Association Stadium",50.00,46.00,168,"Delhi Capitals"
1082600,"2017","Mumbai","League","Mumbai Indians","Sunrisers Hyderabad","Mumbai Indians","field","Wankhede Stadium",55.17,48.35,170,"Mumbai Indians"
1082601,"2017","Kolkata","League","Kolkata Knight Riders","Punjab Kings","Kolkata Knight Riders","field","Eden Gardens",52.19,45.53,166,"Kolkata Knight Riders"
1082602,"2017","Bangalore","League","Royal Challengers Bengaluru","Mumbai Indians","Mumbai Indians","field","M Chinnaswamy Stadium",48.81,55.17,173,"Mumbai Indians"
1082603,"2017","Rajkot","League","Gujarat Lions","Rising Pune Supergiants","Gujarat Lions","field","Saurashtra Cricket Association Stadium",43.33,50.00,169,"Gujarat Lions"
1082604,"2017","Kolkata","League","Kolkata Knight Riders","Sunrisers Hyderabad","Sunrisers Hyderabad","field","Eden Gardens",52.19,48.35,166,"Kolkata Knight Riders"
1082605,"2017","Delhi","League","Delhi Capitals","Punjab Kings","Delhi Capitals","bat","Feroz Shah Kotla",46.00,45.53,162,"Delhi Capitals"
1082606,"2017","Mumbai","League","Mumbai Indians","Gujarat Lions","Mumbai Indians","field","Wankhede Stadium",55.17,43.33,170,"Mumbai Indians"
1082607,"2017","Bangalore","League","Royal Challengers Bengaluru","Rising Pune Supergiants","Royal Challengers Bengaluru","field","M Chinnaswamy Stadium",48.81,50.00,173,"Rising Pune Supergiants"
1082608,"2017","Delhi","League","Delhi Capitals","Kolkata Knight Riders","Delhi Capitals","bat","Feroz Shah Kotla",46.00,52.19,162,"Kolkata Knight Riders"
1082609,"2017","Hyderabad","League","Sunrisers Hyderabad","Punjab Kings","Punjab Kings","field","Rajiv Gandhi International Stadium",48.35,45.53,163,"Sunrisers Hyderabad"
1082610,"2017","Rajkot","League","Gujarat Lions","Royal Challengers Bengaluru","Gujarat Lions","field","Saurashtra Cricket Association Stadium",43.33,48.81,169,"Royal Challengers Bengaluru"
1082611,"2017","Hyderabad","League","Sunrisers Hyderabad","Delhi Capitals","Sunrisers Hyderabad","bat","Rajiv Gandhi International Stadium",48.35,46.00,163,"Sunrisers Hyderabad"
1082612,"2017","Indore","League","Punjab Kings","Mumbai Indians","Mumbai Indians","field","Holkar Cricket Stadium",45.53,55.17,160,"Mumbai Indians"
1082613,"2017","Kolkata","League","Kolkata Knight Riders","Gujarat Lions","Gujarat Lions","field","Eden Gardens",52.19,43.33,166,"Gujarat Lions"
1082614,"2017","Mumbai","League","Mumbai Indians","Delhi Capitals","Delhi Capitals","field","Wankhede Stadium",55.17,46.00,170,"Mumbai Indians"
1082615,"2017","Pune","League","Rising Pune Supergiants","Sunrisers Hyderabad","Rising Pune Supergiants","field","Maharashtra Cricket Association Stadium",50.00,48.35,168,"Rising Pune Supergiants"
1082616,"2017","Rajkot","League","Gujarat Lions","Punjab Kings","Gujarat Lions","field","Saurashtra Cricket Association Stadium",43.33,45.53,169,"Punjab Kings"
1082617,"2017","Kolkata","League","Kolkata Knight Riders","Royal Challengers Bengaluru","Royal Challengers Bengaluru","field","Eden Gardens",52.19,48.81,166,"Kolkata Knight Riders"
1082618,"2017","Mumbai","League","Mumbai Indians","Rising Pune Supergiants","Mumbai Indians","field","Wankhede Stadium",55.17,50.00,170,"Rising Pune Supergiants"
1082620,"2017","Pune","League","Rising Pune Supergiants","Kolkata Knight Riders","Kolkata Knight Riders","field","Maharashtra Cricket Association Stadium",50.00,52.19,168,"Kolkata Knight Riders"
1082621,"2017","Bangalore","League","Royal Challengers Bengaluru","Gujarat Lions","Gujarat Lions","field","M Chinnaswamy Stadium",48.81,43.33,173,"Gujarat Lions"
1082622,"2017","Kolkata","League","Kolkata Knight Riders","Delhi Capitals","Kolkata Knight Riders","field","Eden Gardens",52.19,46.00,166,"Kolkata Knight Riders"
1082623,"2017","Chandigarh","League","Punjab Kings","Sunrisers Hyderabad","Punjab Kings","field","Punjab Cricket Association IS Bindra Stadium",45.53,48.35,168,"Sunrisers Hyderabad"
1082624,"2017","Pune","League","Rising Pune Supergiants","Royal Challengers Bengaluru","Royal Challengers Bengaluru","field","Maharashtra Cricket Association Stadium",50.00,48.81,168,"Rising Pune Supergiants"
1082625,"2017","Rajkot","League","Gujarat Lions","Mumbai Indians","Gujarat Lions","bat","Saurashtra Cricket Association Stadium",43.33,55.17,169,"Mumbai Indians"
1082626,"2017","Chandigarh","League","Punjab Kings","Delhi Capitals","Punjab Kings","field","Punjab Cricket Association IS Bindra Stadium",45.53,46.00,168,"Punjab Kings"
1082627,"2017","Hyderabad","League","Sunrisers Hyderabad","Kolkata Knight Riders","Kolkata Knight Riders","field","Rajiv Gandhi International Stadium",48.35,52.19,163,"Sunrisers Hyderabad"
1082628,"2017","Mumbai","League","Mumbai Indians","Royal Challengers Bengaluru","Royal Challengers Bengaluru","bat","Wankhede Stadium",55.17,48.81,170,"Mumbai Indians"
1082629,"2017","Pune","League","Rising Pune Supergiants","Gujarat Lions","Rising Pune Supergiants","field","Maharashtra Cricket Association Stadium",50.00,43.33,168,"Rising Pune Supergiants"
1082630,"2017","Delhi","League","Delhi Capitals","Sunrisers Hyderabad","Delhi Capitals","field","Feroz Shah Kotla",46.00,48.35,162,"Delhi Capitals"
1082631,"2017","Kolkata","League","Kolkata Knight Riders","Rising Pune Supergiants","Rising Pune Supergiants","field","Eden Gardens",52.19,50.00,166,"Rising Pune Supergiants"
1082632,"2017","Delhi","League","Delhi Capitals","Gujarat Lions","Delhi Capitals","field","Feroz Shah Kotla",46.00,43.33,162,"Delhi Capitals"
1082633,"2017","Bangalore","League","Royal Challengers Bengaluru","Punjab Kings","Royal Challengers Bengaluru","field","M Chinnaswamy Stadium",48.81,45.53,173,"Punjab Kings"
1082634,"2017","Hyderabad","League","Sunrisers Hyderabad","Rising Pune Supergiants","Sunrisers Hyderabad","field","Rajiv Gandhi International Stadium",48.35,50.00,163,"Rising Pune Supergiants"
1082635,"2017","Delhi","League","Delhi Capitals","Mumbai Indians","Delhi Capitals","field","Feroz Shah Kotla",46.00,55.17,162,"Mumbai Indians"
1082636,"2017","Bangalore","League","Royal Challengers Bengaluru","Kolkata Knight Riders","Kolkata Knight Riders","field","M Chinnaswamy Stadium",48.81,52.19,173,"Kolkata Knight Riders"
1082637,"2017","Chandigarh","League","Punjab Kings","Gujarat Lions","Gujarat Lions","field","Punjab Cricket Association IS Bindra Stadium",45.53,43.33,168,"Gujarat Lions"
1082638,"2017","Hyderabad","League","Sunrisers Hyderabad","Mumbai Indians","Mumbai Indians","bat","Rajiv Gandhi International Stadium",48.35,55.17,163,"Sunrisers Hyderabad"
1082639,"2017","Chandigarh","League","Punjab Kings","Kolkata Knight Riders","Kolkata Knight Riders","field","Punjab Cricket Association IS Bindra Stadium",45.53,52.19,168,"Punjab Kings"
1082640,"2017","Kanpur","League","Gujarat Lions","Delhi Capitals","Delhi Capitals","field","Green Park",43.33,46.00,161,"Delhi Capitals"
1082641,"2017","Mumbai","League","Mumbai Indians","Punjab Kings","Mumbai Indians","field","Wankhede Stadium",55.17,45.53,170,"Punjab Kings"
1082642,"2017","Delhi","League","Delhi Capitals","Rising Pune Supergiants","Delhi Capitals","bat","Feroz Shah Kotla",46.00,50.00,162,"Delhi Capitals"
1082643,"2017","Kanpur","League","Gujarat Lions","Sunrisers Hyderabad","Sunrisers Hyderabad","field","Green Park",43.33,48.35,161,"Sunrisers Hyderabad"
1082644,"2017","Kolkata","League","Kolkata Knight Riders","Mumbai Indians","Kolkata Knight Riders","field","Eden Gardens",52.19,55.17,166,"Mumbai Indians"
1082645,"2017","Pune","League","Rising Pune Supergiants","Punjab Kings","Rising Pune Supergiants","field","Maharashtra Cricket Association Stadium",50.00,45.53,168,"Rising Pune Supergiants"
1082646,"2017","Delhi","League","Delhi Capitals","Royal Challengers Bengaluru","Royal Challengers Bengaluru","bat","Feroz Shah Kotla",46.00,48.81,162,"Royal Challengers Bengaluru"
1082647,"2017","Mumbai","Qualifier 1","Mumbai Indians","Rising Pune Supergiants","Mumbai Indians","field","Wankhede Stadium",55.17,50.00,170,"Rising Pune Supergiants"
1082648,"2017","Bangalore","Eliminator","Sunrisers Hyderabad","Kolkata Knight Riders","Kolkata Knight Riders","field","M Chinnaswamy Stadium",48.35,52.19,173,"Kolkata Knight Riders"
1082649,"2017","Bangalore","Qualifier 2","Mumbai Indians","Kolkata Knight Riders","Mumbai Indians","field","M Chinnaswamy Stadium",55.17,52.19,173,"Mumbai Indians"
1082650,"2017","Hyderabad","Final","Mumbai Indians","Rising Pune Supergiants","Mumbai Indians","bat","Rajiv Gandhi International Stadium",55.17,50.00,163,"Mumbai Indians"
1136561,"2018","Mumbai","League","Mumbai Indians","Chennai Super Kings","Chennai Super Kings","field","Wankhede Stadium",55.17,58.23,170,"Chennai Super Kings"
1136562,"2018","Chandigarh","League","Delhi Capitals","Punjab Kings","Punjab Kings","field","Punjab Cricket Association IS Bindra Stadium",46.00,45.53,168,"Punjab Kings"
1136563,"2018","Kolkata","League","Royal Challengers Bengaluru","Kolkata Knight Riders","Kolkata Knight Riders","field","Eden Gardens",48.81,52.19,166,"Kolkata Knight Riders"
1136564,"2018","Hyderabad","League","Rajasthan Royals","Sunrisers Hyderabad","Sunrisers Hyderabad","field","Rajiv Gandhi International Stadium",51.14,48.35,163,"Sunrisers Hyderabad"
1136565,"2018","Chennai","League","Kolkata Knight Riders","Chennai Super Kings","Chennai Super Kings","field","MA Chidambaram Stadium",52.19,58.23,164,"Chennai Super Kings"
1136566,"2018","Jaipur","League","Rajasthan Royals","Delhi Capitals","Delhi Capitals","field","Sawai Mansingh Stadium",51.14,46.00,162,"Rajasthan Royals"
1136567,"2018","Hyderabad","League","Mumbai Indians","Sunrisers Hyderabad","Sunrisers Hyderabad","field","Rajiv Gandhi International Stadium",55.17,48.35,163,"Sunrisers Hyderabad"
1136568,"2018","Bengaluru","League","Punjab Kings","Royal Challengers Bengaluru","Royal Challengers Bengaluru","field","M Chinnaswamy Stadium",45.53,48.81,173,"Royal Challengers Bengaluru"
1136569,"2018","Mumbai","League","Mumbai Indians","Delhi Capitals","Delhi Capitals","field","Wankhede Stadium",55.17,46.00,170,"Delhi Capitals"
1136570,"2018","Kolkata","League","Kolkata Knight Riders","Sunrisers Hyderabad","Sunrisers Hyderabad","field","Eden Gardens",52.19,48.35,166,"Sunrisers Hyderabad"
1136571,"2018","Bengaluru","League","Rajasthan Royals","Royal Challengers Bengaluru","Royal Challengers Bengaluru","field","M Chinnaswamy Stadium",51.14,48.81,173,"Rajasthan Royals"
1136572,"2018","Chandigarh","League","Punjab Kings","Chennai Super Kings","Chennai Super Kings","field","Punjab Cricket Association IS Bindra Stadium",45.53,58.23,168,"Punjab Kings"
1136573,"2018","Kolkata","League","Kolkata Knight Riders","Delhi Capitals","Delhi Capitals","field","Eden Gardens",52.19,46.00,166,"Kolkata Knight Riders"
1136574,"2018","Mumbai","League","Mumbai Indians","Royal Challengers Bengaluru","Royal Challengers Bengaluru","field","Wankhede Stadium",55.17,48.81,170,"Mumbai Indians"
1136575,"2018","Jaipur","League","Rajasthan Royals","Kolkata Knight Riders","Kolkata Knight Riders","field","Sawai Mansingh Stadium",51.14,52.19,162,"Kolkata Knight Riders"
1136576,"2018","Chandigarh","League","Punjab Kings","Sunrisers Hyderabad","Punjab Kings","bat","Punjab Cricket Association IS Bindra Stadium",45.53,48.35,168,"Punjab Kings"
1136577,"2018","Pune","League","Chennai Super Kings","Rajasthan Royals","Rajasthan Royals","field","Maharashtra Cricket Association Stadium",58.23,51.14,168,"Chennai Super Kings"
1136578,"2018","Kolkata","League","Kolkata Knight Riders","Punjab Kings","Punjab Kings","field","Eden Gardens",52.19,45.53,166,"Punjab Kings"
1136579,"2018","Bengaluru","League","Delhi Capitals","Royal Challengers Bengaluru","Royal Challengers Bengaluru","field","M Chinnaswamy Stadium",46.00,48.81,173,"Royal Challengers Bengaluru"
1136580,"2018","Hyderabad","League","Chennai Super Kings","Sunrisers Hyderabad","Sunrisers Hyderabad","field","Rajiv Gandhi International Stadium",58.23,48.35,163,"Chennai Super Kings"
1136581,"2018","Jaipur","League","Mumbai Indians","Rajasthan Royals","Mumbai Indians","bat","Sawai Mansingh Stadium",55.17,51.14,162,"Rajasthan Royals"
1136582,"2018","Delhi","League","Punjab Kings","Delhi Capitals","Delhi Capitals","field","Arun Jaitley Stadium",45.53,46.00,185,"Punjab Kings"
1136583,"2018","Mumbai","League","Sunrisers Hyderabad","Mumbai Indians","Mumbai Indians","field","Wankhede Stadium",48.35,55.17,170,"Sunrisers Hyderabad"
1136584,"2018","Bengaluru","League","Royal Challengers Bengaluru","Chennai Super Kings","Chennai Super Kings","field","M Chinnaswamy Stadium",48.81,58.23,173,"Chennai Super Kings"
1136585,"2018","Hyderabad","League","Sunrisers Hyderabad","Punjab Kings","Punjab Kings","field","Rajiv Gandhi International Stadium",48.35,45.53,163,"Sunrisers Hyderabad"
1136586,"2018","Delhi","League","Delhi Capitals","Kolkata Knight Riders","Kolkata Knight Riders","field","Arun Jaitley Stadium",46.00,52.19,185,"Delhi Capitals"
1136587,"2018","Pune","League","Chennai Super Kings","Mumbai Indians","Mumbai Indians","field","Maharashtra Cricket Association Stadium",58.23,55.17,168,"Mumbai Indians"
1136588,"2018","Jaipur","League","Sunrisers Hyderabad","Rajasthan Royals","Sunrisers Hyderabad","bat","Sawai Mansingh Stadium",48.35,51.14,162,"Sunrisers Hyderabad"
1136589,"2018","Bengaluru","League","Royal Challengers Bengaluru","Kolkata Knight Riders","Kolkata Knight Riders","field","M Chinnaswamy Stadium",48.81,52.19,173,"Kolkata Knight Riders"
1136590,"2018","Pune","League","Chennai Super Kings","Delhi Capitals","Delhi Capitals","field","Maharashtra Cricket Association Stadium",58.23,46.00,168,"Chennai Super Kings"
1136591,"2018","Bengaluru","League","Royal Challengers Bengaluru","Mumbai Indians","Mumbai Indians","field","M Chinnaswamy Stadium",48.81,55.17,173,"Royal Challengers Bengaluru"
1136592,"2018","Delhi","League","Delhi Capitals","Rajasthan Royals","Rajasthan Royals","field","Arun Jaitley Stadium",46.00,51.14,185,"Delhi Capitals"
1136593,"2018","Kolkata","League","Chennai Super Kings","Kolkata Knight Riders","Kolkata Knight Riders","field","Eden Gardens",58.23,52.19,166,"Kolkata Knight Riders"
1136594,"2018","Indore","League","Punjab Kings","Mumbai Indians","Mumbai Indians","field","Holkar Cricket Stadium",45.53,55.17,160,"Mumbai Indians"
1136595,"2018","Pune","League","Royal Challengers Bengaluru","Chennai Super Kings","Chennai Super Kings","field","Maharashtra Cricket Association Stadium",48.81,58.23,168,"Chennai Super Kings"
1136596,"2018","Hyderabad","League","Delhi Capitals","Sunrisers Hyderabad","Delhi Capitals","bat","Rajiv Gandhi International Stadium",46.00,48.35,163,"Sunrisers Hyderabad"
1136597,"2018","Mumbai","League","Mumbai Indians","Kolkata Knight Riders","Kolkata Knight Riders","field","Wankhede Stadium",55.17,52.19,170,"Mumbai Indians"
1136598,"2018","Indore","League","Rajasthan Royals","Punjab Kings","Punjab Kings","field","Holkar Cricket Stadium",51.14,45.53,160,"Punjab Kings"
1136599,"2018","Hyderabad","League","Sunrisers Hyderabad","Royal Challengers Bengaluru","Royal Challengers Bengaluru","field","Rajiv Gandhi International Stadium",48.35,48.81,163,"Sunrisers Hyderabad"
1136600,"2018","Jaipur","League","Rajasthan Royals","Punjab Kings","Rajasthan Royals","bat","Sawai Mansingh Stadium",51.14,45.53,162,"Rajasthan Royals"
1136601,"2018","Kolkata","League","Mumbai Indians","Kolkata Knight Riders","Kolkata Knight Riders","field","Eden Gardens",55.17,52.19,166,"Mumbai Indians"
1136602,"2018","Delhi","League","Delhi Capitals","Sunrisers Hyderabad","Delhi Capitals","bat","Arun Jaitley Stadium",46.00,48.35,185,"Sunrisers Hyderabad"
1136603,"2018","Jaipur","League","Chennai Super Kings","Rajasthan Royals","Chennai Super Kings","bat","Sawai Mansingh Stadium",58.23,51.14,162,"Rajasthan Royals"
1136604,"2018","Indore","League","Kolkata Knight Riders","Punjab Kings","Punjab Kings","field","Holkar Cricket Stadium",52.19,45.53,160,"Kolkata Knight Riders"
1136605,"2018","Delhi","League","Delhi Capitals","Royal Challengers Bengaluru","Royal Challengers Bengaluru","field","Arun Jaitley Stadium",46.00,48.81,185,"Royal Challengers Bengaluru"
1136606,"2018","Pune","League","Sunrisers Hyderabad","Chennai Super Kings","Chennai Super Kings","field","Maharashtra Cricket Association Stadium",48.35,58.23,168,"Chennai Super Kings"
1136607,"2018","Mumbai","League","Mumbai Indians","Rajasthan Royals","Rajasthan Royals","field","Wankhede Stadium",55.17,51.14,170,"Rajasthan Royals"
1136608,"2018","Indore","League","Punjab Kings","Royal Challengers Bengaluru","Royal Challengers Bengaluru","field","Holkar Cricket Stadium",45.53,48.81,160,"Royal Challengers Bengaluru"
1136609,"2018","Kolkata","League","Rajasthan Royals","Kolkata Knight Riders","Kolkata Knight Riders","field","Eden Gardens",51.14,52.19,166,"Kolkata Knight Riders"
1136610,"2018","Mumbai","League","Mumbai Indians","Punjab Kings","Punjab Kings","field","Wankhede Stadium",55.17,45.53,170,"Mumbai Indians"
1136611,"2018","Bengaluru","League","Royal Challengers Bengaluru","Sunrisers Hyderabad","Sunrisers Hyderabad","field","M Chinnaswamy Stadium",48.81,48.35,173,"Royal Challengers Bengaluru"
1136612,"2018","Delhi","League","Delhi Capitals","Chennai Super Kings","Chennai Super Kings","field","Arun Jaitley Stadium",46.00,58.23,185,"Delhi Capitals"
1136613,"2018","Jaipur","League","Rajasthan Royals","Royal Challengers Bengaluru","Rajasthan Royals","bat","Sawai Mansingh Stadium",51.14,48.81,162,"Rajasthan Royals"
1136614,"2018","Hyderabad","League","Sunrisers Hyderabad","Kolkata Knight Riders","Sunrisers Hyderabad","bat","Rajiv Gandhi International Stadium",48.35,52.19,163,"Kolkata Knight Riders"
1136615,"2018","Delhi","League","Delhi Capitals","Mumbai Indians","Delhi Capitals","bat","Arun Jaitley Stadium",46.00,55.17,185,"Delhi Capitals"
1136616,"2018","Pune","League","Punjab Kings","Chennai Super Kings","Chennai Super Kings","field","Maharashtra Cricket Association Stadium",45.53,58.23,168,"Chennai Super Kings"
1136617,"2018","Mumbai","Qualifier 1","Sunrisers Hyderabad","Chennai Super Kings","Chennai Super Kings","field","Wankhede Stadium",48.35,58.23,170,"Chennai Super Kings"
1136618,"2018","Kolkata","Eliminator","Kolkata Knight Riders","Rajasthan Royals","Rajasthan Royals","field","Eden Gardens",52.19,51.14,166,"Kolkata Knight Riders"
1136619,"2018","Kolkata","Qualifier 2","Sunrisers Hyderabad","Kolkata Knight Riders","Kolkata Knight Riders","field","Eden Gardens",48.35,52.19,166,"Sunrisers Hyderabad"
1136620,"2018","Mumbai","Final","Sunrisers Hyderabad","Chennai Super Kings","Chennai Super Kings","field","Wankhede Stadium",48.35,58.23,170,"Chennai Super Kings"
1175356,"2019","Chennai","League","Royal Challengers Bengaluru","Chennai Super Kings","Chennai Super Kings","field","MA Chidambaram Stadium",48.81,58.23,164,"Chennai Super Kings"
1175357,"2019","Kolkata","League","Sunrisers Hyderabad","Kolkata Knight Riders","Kolkata Knight Riders","field","Eden Gardens",48.35,52.19,166,"Kolkata Knight Riders"
1175358,"2019","Mumbai","League","Delhi Capitals","Mumbai Indians","Mumbai Indians","field","Wankhede Stadium",46.00,55.17,170,"Delhi Capitals"
1175359,"2019","Jaipur","League","Punjab Kings","Rajasthan Royals","Rajasthan Royals","field","Sawai Mansingh Stadium",45.53,51.14,162,"Punjab Kings"
1175360,"2019","Delhi","League","Delhi Capitals","Chennai Super Kings","Delhi Capitals","bat","Arun Jaitley Stadium",46.00,58.23,185,"Chennai Super Kings"
1175361,"2019","Kolkata","League","Kolkata Knight Riders","Punjab Kings","Punjab Kings","field","Eden Gardens",52.19,45.53,166,"Kolkata Knight Riders"
1175362,"2019","Bengaluru","League","Mumbai Indians","Royal Challengers Bengaluru","Royal Challengers Bengaluru","field","M Chinnaswamy Stadium",55.17,48.81,173,"Mumbai Indians"
1175363,"2019","Hyderabad","League","Rajasthan Royals","Sunrisers Hyderabad","Rajasthan Royals","bat","Rajiv Gandhi International Stadium",51.14,48.35,163,"Sunrisers Hyderabad"
1175364,"2019","Chandigarh","League","Mumbai Indians","Punjab Kings","Punjab Kings","field","Punjab Cricket Association IS Bindra Stadium",55.17,45.53,168,"Punjab Kings"
1175365,"2019","Delhi","League","Kolkata Knight Riders","Delhi Capitals","Delhi Capitals","field","Arun Jaitley Stadium",52.19,46.00,185,"Delhi Capitals"
1175366,"2019","Hyderabad","League","Sunrisers Hyderabad","Royal Challengers Bengaluru","Royal Challengers Bengaluru","field","Rajiv Gandhi International Stadium",48.35,48.81,163,"Sunrisers Hyderabad"
1175367,"2019","Chennai","League","Chennai Super Kings","Rajasthan Royals","Rajasthan Royals","field","MA Chidambaram Stadium",58.23,51.14,164,"Chennai Super Kings"
1175368,"2019","Chandigarh","League","Punjab Kings","Delhi Capitals","Delhi Capitals","field","Punjab Cricket Association IS Bindra Stadium",45.53,46.00,168,"Punjab Kings"
1175369,"2019","Jaipur","League","Royal Challengers Bengaluru","Rajasthan Royals","Rajasthan Royals","field","Sawai Mansingh Stadium",48.81,51.14,162,"Rajasthan Royals"
1175370,"2019","Mumbai","League","Mumbai Indians","Chennai Super Kings","Chennai Super Kings","field","Wankhede Stadium",55.17,58.23,170,"Mumbai Indians"
1175371,"2019","Delhi","League","Delhi Capitals","Sunrisers Hyderabad","Sunrisers Hyderabad","field","Arun Jaitley Stadium",46.00,48.35,185,"Sunrisers Hyderabad"
1175372,"2019","Bengaluru","League","Royal Challengers Bengaluru","Kolkata Knight Riders","Kolkata Knight Riders","field","M Chinnaswamy Stadium",48.81,52.19,173,"Kolkata Knight Riders"
1178393,"2019","Chennai","League","Chennai Super Kings","Punjab Kings","Chennai Super Kings","bat","MA Chidambaram Stadium",58.23,45.53,164,"Chennai Super Kings"
1178394,"2019","Hyderabad","League","Mumbai Indians","Sunrisers Hyderabad","Sunrisers Hyderabad","field","Rajiv Gandhi International Stadium",55.17,48.35,163,"Mumbai Indians"
1178395,"2019","Bengaluru","League","Royal Challengers Bengaluru","Delhi Capitals","Delhi Capitals","field","M Chinnaswamy Stadium",48.81,46.00,173,"Delhi Capitals"
1178396,"2019","Jaipur","League","Rajasthan Royals","Kolkata Knight Riders","Kolkata Knight Riders","field","Sawai Mansingh Stadium",51.14,52.19,162,"Kolkata Knight Riders"
1178397,"2019","Chandigarh","League","Sunrisers Hyderabad","Punjab Kings","Punjab Kings","field","Punjab Cricket Association IS Bindra Stadium",48.35,45.53,168,"Punjab Kings"
1178398,"2019","Chennai","League","Kolkata Knight Riders","Chennai Super Kings","Chennai Super Kings","field","MA Chidambaram Stadium",52.19,58.23,164,"Chennai Super Kings"
1178399,"2019","Mumbai","League","Punjab Kings","Mumbai Indians","Mumbai Indians","field","Wankhede Stadium",45.53,55.17,170,"Mumbai Indians"
1178400,"2019","Jaipur","League","Rajasthan Royals","Chennai Super Kings","Chennai Super Kings","field","Sawai Mansingh Stadium",51.14,58.23,162,"Chennai Super Kings"
1178401,"2019","Kolkata","League","Kolkata Knight Riders","Delhi Capitals","Delhi Capitals","field","Eden Gardens",52.19,46.00,166,"Delhi Capitals"
1178402,"2019","Mumbai","League","Mumbai Indians","Rajasthan Royals","Rajasthan Royals","field","Wankhede Stadium",55.17,51.14,170,"Rajasthan Royals"
1178403,"2019","Chandigarh","League","Punjab Kings","Royal Challengers Bengaluru","Royal Challengers Bengaluru","field","Punjab Cricket Association IS Bindra Stadium",45.53,48.81,168,"Royal Challengers Bengaluru"
1178404,"2019","Kolkata","League","Kolkata Knight Riders","Chennai Super Kings","Chennai Super Kings","field","Eden Gardens",52.19,58.23,166,"Chennai Super Kings"
1178405,"2019","Hyderabad","League","Delhi Capitals","Sunrisers Hyderabad","Sunrisers Hyderabad","field","Rajiv Gandhi International Stadium",46.00,48.35,163,"Delhi Capitals"
1178406,"2019","Mumbai","League","Royal Challengers Bengaluru","Mumbai Indians","Mumbai Indians","field","Wankhede Stadium",48.81,55.17,170,"Mumbai Indians"
1178407,"2019","Chandigarh","League","Punjab Kings","Rajasthan Royals","Rajasthan Royals","field","Punjab Cricket Association IS Bindra Stadium",45.53,51.14,168,"Punjab Kings"
1178408,"2019","Hyderabad","League","Chennai Super Kings","Sunrisers Hyderabad","Chennai Super Kings","bat","Rajiv Gandhi International Stadium",58.23,48.35,163,"Sunrisers Hyderabad"
1178409,"2019","Delhi","League","Mumbai Indians","Delhi Capitals","Mumbai Indians","bat","Arun Jaitley Stadium",55.17,46.00,185,"Mumbai Indians"
1178410,"2019","Kolkata","League","Royal Challengers Bengaluru","Kolkata Knight Riders","Kolkata Knight Riders","field","Eden Gardens",48.81,52.19,166,"Royal Challengers Bengaluru"
1178411,"2019","Jaipur","League","Mumbai Indians","Rajasthan Royals","Rajasthan Royals","field","Sawai Mansingh Stadium",55.17,51.14,162,"Rajasthan Royals"
1178412,"2019","Delhi","League","Punjab Kings","Delhi Capitals","Delhi Capitals","field","Arun Jaitley Stadium",45.53,46.00,185,"Delhi Capitals"
1178413,"2019","Hyderabad","League","Kolkata Knight Riders","Sunrisers Hyderabad","Sunrisers Hyderabad","field","Rajiv Gandhi International Stadium",52.19,48.35,163,"Sunrisers Hyderabad"
1178414,"2019","Bengaluru","League","Royal Challengers Bengaluru","Chennai Super Kings","Chennai Super Kings","field","M Chinnaswamy Stadium",48.81,58.23,173,"Royal Challengers Bengaluru"
1178415,"2019","Jaipur","League","Rajasthan Royals","Delhi Capitals","Delhi Capitals","field","Sawai Mansingh Stadium",51.14,46.00,162,"Delhi Capitals"
1178416,"2019","Chennai","League","Sunrisers Hyderabad","Chennai Super Kings","Chennai Super Kings","field","MA Chidambaram Stadium",48.35,58.23,164,"Chennai Super Kings"
1178417,"2019","Bengaluru","League","Royal Challengers Bengaluru","Punjab Kings","Punjab Kings","field","M Chinnaswamy Stadium",48.81,45.53,173,"Royal Challengers Bengaluru"
1178418,"2019","Kolkata","League","Kolkata Knight Riders","Rajasthan Royals","Rajasthan Royals","field","Eden Gardens",52.19,51.14,166,"Rajasthan Royals"
1178419,"2019","Chennai","League","Mumbai Indians","Chennai Super Kings","Chennai Super Kings","field","MA Chidambaram Stadium",55.17,58.23,164,"Mumbai Indians"
1178420,"2019","Jaipur","League","Sunrisers Hyderabad","Rajasthan Royals","Rajasthan Royals","field","Sawai Mansingh Stadium",48.35,51.14,162,"Rajasthan Royals"
1178421,"2019","Delhi","League","Delhi Capitals","Royal Challengers Bengaluru","Delhi Capitals","bat","Arun Jaitley Stadium",46.00,48.81,185,"Delhi Capitals"
1178422,"2019","Kolkata","League","Kolkata Knight Riders","Mumbai Indians","Mumbai Indians","field","Eden Gardens",52.19,55.17,166,"Kolkata Knight Riders"
1178423,"2019","Hyderabad","League","Sunrisers Hyderabad","Punjab Kings","Punjab Kings","field","Rajiv Gandhi International Stadium",48.35,45.53,163,"Sunrisers Hyderabad"
1178425,"2019","Chennai","League","Chennai Super Kings","Delhi Capitals","Delhi Capitals","field","MA Chidambaram Stadium",58.23,46.00,164,"Chennai Super Kings"
1178426,"2019","Mumbai","League","Mumbai Indians","Sunrisers Hyderabad","Mumbai Indians","bat","Wankhede Stadium",55.17,48.35,170,"Mumbai Indians"
1178427,"2019","Chandigarh","League","Punjab Kings","Kolkata Knight Riders","Kolkata Knight Riders","field","Punjab Cricket Association IS Bindra Stadium",45.53,52.19,168,"Kolkata Knight Riders"
1178428,"2019","Delhi","League","Rajasthan Royals","Delhi Capitals","Rajasthan Royals","bat","Arun Jaitley Stadium",51.14,46.00,185,"Delhi Capitals"
1178429,"2019","Bengaluru","League","Sunrisers Hyderabad","Royal Challengers Bengaluru","Royal Challengers Bengaluru","field","M Chinnaswamy Stadium",48.35,48.81,173,"Royal Challengers Bengaluru"
1178430,"2019","Chandigarh","League","Chennai Super Kings","Punjab Kings","Punjab Kings","field","Punjab Cricket Association IS Bindra Stadium",58.23,45.53,168,"Punjab Kings"
1178431,"2019","Mumbai","League","Kolkata Knight Riders","Mumbai Indians","Mumbai Indians","field","Wankhede Stadium",52.19,55.17,170,"Mumbai Indians"
1181764,"2019","Chennai","Qualifier 1","Chennai Super Kings","Mumbai Indians","Chennai Super Kings","bat","MA Chidambaram Stadium",58.23,55.17,164,"Mumbai Indians"
1181766,"2019","Visakhapatnam","Eliminator","Sunrisers Hyderabad","Delhi Capitals","Delhi Capitals","field","Dr. Y.S. Rajasekhara Reddy ACA-VDCA Cricket Stadium",48.35,46.00,167,"Delhi Capitals"
1181767,"2019","Visakhapatnam","Qualifier 2","Delhi Capitals","Chennai Super Kings","Chennai Super Kings","field","Dr. Y.S. Rajasekhara Reddy ACA-VDCA Cricket Stadium",46.00,58.23,167,"Chennai Super Kings"
1181768,"2019","Hyderabad","Final","Mumbai Indians","Chennai Super Kings","Mumbai Indians","bat","Rajiv Gandhi International Stadium",55.17,58.23,163,"Mumbai Indians"
1216492,"2020","Abu Dhabi","League","Mumbai Indians","Chennai Super Kings","Chennai Super Kings","field","Sheikh Zayed Stadium",55.17,58.23,159,"Chennai Super Kings"
1216493,"2020","NA","League","Delhi Capitals","Punjab Kings","Punjab Kings","field","Dubai International Cricket Stadium",46.00,45.53,164,"Delhi Capitals"
1216494,"2020","Abu Dhabi","League","Kolkata Knight Riders","Royal Challengers Bengaluru","Kolkata Knight Riders","bat","Sheikh Zayed Stadium",52.19,48.81,159,"Royal Challengers Bengaluru"
1216495,"2020","NA","League","Mumbai Indians","Sunrisers Hyderabad","Sunrisers Hyderabad","field","Sharjah Cricket Stadium",55.17,48.35,159,"Sunrisers Hyderabad"
1216496,"2020","NA","League","Rajasthan Royals","Chennai Super Kings","Chennai Super Kings","field","Sharjah Cricket Stadium",51.14,58.23,159,"Rajasthan Royals"
1216497,"2020","Abu Dhabi","League","Kolkata Knight Riders","Delhi Capitals","Delhi Capitals","field","Sheikh Zayed Stadium",52.19,46.00,159,"Kolkata Knight Riders"
1216498,"2020","NA","League","Punjab Kings","Sunrisers Hyderabad","Sunrisers Hyderabad","field","Dubai International Cricket Stadium",45.53,48.35,164,"Punjab Kings"
1216499,"2020","Abu Dhabi","League","Royal Challengers Bengaluru","Mumbai Indians","Mumbai Indians","field","Sheikh Zayed Stadium",48.81,55.17,159,"Mumbai Indians"
1216500,"2020","NA","League","Delhi Capitals","Rajasthan Royals","Rajasthan Royals","field","Sharjah Cricket Stadium",46.00,51.14,159,"Delhi Capitals"
1216501,"2020","Abu Dhabi","League","Kolkata Knight Riders","Chennai Super Kings","Kolkata Knight Riders","bat","Sheikh Zayed Stadium",52.19,58.23,159,"Kolkata Knight Riders"
1216502,"2020","NA","League","Royal Challengers Bengaluru","Sunrisers Hyderabad","Sunrisers Hyderabad","field","Sharjah Cricket Stadium",48.81,48.35,159,"Sunrisers Hyderabad"
1216503,"2020","Abu Dhabi","League","Mumbai Indians","Punjab Kings","Punjab Kings","field","Sheikh Zayed Stadium",55.17,45.53,159,"Mumbai Indians"
1216504,"2020","NA","League","Kolkata Knight Riders","Rajasthan Royals","Rajasthan Royals","field","Dubai International Cricket Stadium",52.19,51.14,164,"Kolkata Knight Riders"
1216505,"2020","Abu Dhabi","League","Royal Challengers Bengaluru","Delhi Capitals","Delhi Capitals","field","Sheikh Zayed Stadium",48.81,46.00,159,"Delhi Capitals"
1216506,"2020","Abu Dhabi","League","Punjab Kings","Chennai Super Kings","Chennai Super Kings","field","Sheikh Zayed Stadium",45.53,58.23,159,"Chennai Super Kings"
1216507,"2020","NA","League","Sunrisers Hyderabad","Rajasthan Royals","Sunrisers Hyderabad","bat","Dubai International Cricket Stadium",48.35,51.14,164,"Rajasthan Royals"
1216508,"2020","Abu Dhabi","League","Mumbai Indians","Kolkata Knight Riders","Kolkata Knight Riders","field","Sheikh Zayed Stadium",55.17,52.19,159,"Mumbai Indians"
1216509,"2020","NA","League","Chennai Super Kings","Delhi Capitals","Chennai Super Kings","bat","Sharjah Cricket Stadium",58.23,46.00,159,"Delhi Capitals"
1216510,"2020","NA","League","Punjab Kings","Royal Challengers Bengaluru","Royal Challengers Bengaluru","field","Dubai International Cricket Stadium",45.53,48.81,164,"Punjab Kings"
1216511,"2020","Abu Dhabi","League","Mumbai Indians","Rajasthan Royals","Mumbai Indians","bat","Sheikh Zayed Stadium",55.17,51.14,159,"Mumbai Indians"
1216512,"2020","Abu Dhabi","League","Kolkata Knight Riders","Sunrisers Hyderabad","Sunrisers Hyderabad","field","Sheikh Zayed Stadium",52.19,48.35,159,"Kolkata Knight Riders"
1216513,"2020","NA","League","Punjab Kings","Chennai Super Kings","Punjab Kings","bat","Dubai International Cricket Stadium",45.53,58.23,164,"Chennai Super Kings"
1216514,"2020","Abu Dhabi","League","Rajasthan Royals","Royal Challengers Bengaluru","Rajasthan Royals","bat","Sheikh Zayed Stadium",51.14,48.81,159,"Royal Challengers Bengaluru"
1216515,"2020","NA","League","Delhi Capitals","Kolkata Knight Riders","Kolkata Knight Riders","field","Sharjah Cricket Stadium",46.00,52.19,159,"Delhi Capitals"
1216516,"2020","NA","League","Sunrisers Hyderabad","Chennai Super Kings","Sunrisers Hyderabad","bat","Dubai International Cricket Stadium",48.35,58.23,164,"Sunrisers Hyderabad"
1216517,"2020","NA","League","Mumbai Indians","Punjab Kings","Mumbai Indians","bat","Dubai International Cricket Stadium",55.17,45.53,164,"Punjab Kings"
1216518,"2020","NA","League","Rajasthan Royals","Sunrisers Hyderabad","Sunrisers Hyderabad","field","Dubai International Cricket Stadium",51.14,48.35,164,"Sunrisers Hyderabad"
1216519,"2020","NA","League","Delhi Capitals","Royal Challengers Bengaluru","Royal Challengers Bengaluru","field","Dubai International Cricket Stadium",46.00,48.81,164,"Delhi Capitals"
1216520,"2020","NA","League","Kolkata Knight Riders","Punjab Kings","Punjab Kings","field","Sharjah Cricket Stadium",52.19,45.53,159,"Punjab Kings"
1216521,"2020","NA","League","Chennai Super Kings","Mumbai Indians","Mumbai Indians","field","Sharjah Cricket Stadium",58.23,55.17,159,"Mumbai Indians"
1216522,"2020","NA","League","Rajasthan Royals","Royal Challengers Bengaluru","Rajasthan Royals","bat","Dubai International Cricket Stadium",51.14,48.81,164,"Royal Challengers Bengaluru"
1216523,"2020","Abu Dhabi","League","Kolkata Knight Riders","Punjab Kings","Kolkata Knight Riders","bat","Sheikh Zayed Stadium",52.19,45.53,159,"Kolkata Knight Riders"
1216524,"2020","NA","League","Sunrisers Hyderabad","Delhi Capitals","Delhi Capitals","field","Dubai International Cricket Stadium",48.35,46.00,164,"Sunrisers Hyderabad"
1216525,"2020","NA","League","Royal Challengers Bengaluru","Chennai Super Kings","Royal Challengers Bengaluru","bat","Dubai International Cricket Stadium",48.81,58.23,164,"Royal Challengers Bengaluru"
1216526,"2020","Abu Dhabi","League","Kolkata Knight Riders","Mumbai Indians","Kolkata Knight Riders","bat","Sheikh Zayed Stadium",52.19,55.17,159,"Mumbai Indians"
1216527,"2020","NA","League","Punjab Kings","Rajasthan Royals","Rajasthan Royals","field","Sharjah Cricket Stadium",45.53,51.14,159,"Rajasthan Royals"
1216528,"2020","NA","League","Chennai Super Kings","Sunrisers Hyderabad","Chennai Super Kings","bat","Dubai International Cricket Stadium",58.23,48.35,164,"Chennai Super Kings"
1216529,"2020","Abu Dhabi","League","Delhi Capitals","Mumbai Indians","Delhi Capitals","bat","Sheikh Zayed Stadium",46.00,55.17,159,"Mumbai Indians"
1216530,"2020","NA","League","Kolkata Knight Riders","Rajasthan Royals","Rajasthan Royals","field","Dubai International Cricket Stadium",52.19,51.14,164,"Kolkata Knight Riders"
1216531,"2020","NA","League","Royal Challengers Bengaluru","Punjab Kings","Royal Challengers Bengaluru","bat","Sharjah Cricket Stadium",48.81,45.53,159,"Punjab Kings"
1216532,"2020","Abu Dhabi","League","Sunrisers Hyderabad","Delhi Capitals","Delhi Capitals","field","Sheikh Zayed Stadium",48.35,46.00,159,"Sunrisers Hyderabad"
1216533,"2020","Abu Dhabi","League","Chennai Super Kings","Rajasthan Royals","Chennai Super Kings","bat","Sheikh Zayed Stadium",58.23,51.14,159,"Rajasthan Royals"
1216534,"2020","NA","League","Royal Challengers Bengaluru","Sunrisers Hyderabad","Sunrisers Hyderabad","field","Dubai International Cricket Stadium",48.81,48.35,164,"Royal Challengers Bengaluru"
1216535,"2020","NA","League","Delhi Capitals","Mumbai Indians","Mumbai Indians","field","Dubai International Cricket Stadium",46.00,55.17,164,"Mumbai Indians"
1216536,"2020","NA","League","Kolkata Knight Riders","Chennai Super Kings","Chennai Super Kings","field","Dubai International Cricket Stadium",52.19,58.23,164,"Chennai Super Kings"
1216537,"2020","Abu Dhabi","League","Punjab Kings","Rajasthan Royals","Rajasthan Royals","field","Sheikh Zayed Stadium",45.53,51.14,159,"Rajasthan Royals"
1216538,"2020","NA","League","Mumbai Indians","Sunrisers Hyderabad","Mumbai Indians","bat","Sharjah Cricket Stadium",55.17,48.35,159,"Mumbai Indians"
1216539,"2020","NA","League","Delhi Capitals","Chennai Super Kings","Chennai Super Kings","field","Dubai International Cricket Stadium",46.00,58.23,164,"Delhi Capitals"
1216540,"2020","NA","League","Royal Challengers Bengaluru","Kolkata Knight Riders","Royal Challengers Bengaluru","bat","Sharjah Cricket Stadium",48.81,52.19,159,"Royal Challengers Bengaluru"
1216541,"2020","Abu Dhabi","League","Mumbai Indians","Rajasthan Royals","Mumbai Indians","bat","Sheikh Zayed Stadium",55.17,51.14,159,"Rajasthan Royals"
1216542,"2020","NA","League","Sunrisers Hyderabad","Punjab Kings","Sunrisers Hyderabad","bat","Dubai International Cricket Stadium",48.35,45.53,164,"Sunrisers Hyderabad"
1216543,"2020","NA","League","Delhi Capitals","Rajasthan Royals","Delhi Capitals","bat","Dubai International Cricket Stadium",46.00,51.14,164,"Delhi Capitals"
1216544,"2020","NA","League","Royal Challengers Bengaluru","Chennai Super Kings","Royal Challengers Bengaluru","bat","Dubai International Cricket Stadium",48.81,58.23,164,"Chennai Super Kings"
1216545,"2020","Abu Dhabi","League","Sunrisers Hyderabad","Kolkata Knight Riders","Sunrisers Hyderabad","bat","Sheikh Zayed Stadium",48.35,52.19,159,"Kolkata Knight Riders"
1216546,"2020","NA","League","Delhi Capitals","Punjab Kings","Delhi Capitals","bat","Dubai International Cricket Stadium",46.00,45.53,164,"Punjab Kings"
1216547,"2020","NA","League","Royal Challengers Bengaluru","Mumbai Indians","Mumbai Indians","field","Dubai International Cricket Stadium",48.81,55.17,164,"Royal Challengers Bengaluru"
1237177,"2020","NA","Qualifier 1","Mumbai Indians","Delhi Capitals","Delhi Capitals","field","Dubai International Cricket Stadium",55.17,46.00,164,"Mumbai Indians"
1237178,"2020","Abu Dhabi","Eliminator","Royal Challengers Bengaluru","Sunrisers Hyderabad","Sunrisers Hyderabad","field","Sheikh Zayed Stadium",48.81,48.35,159,"Sunrisers Hyderabad"
1237180,"2020","Abu Dhabi","Qualifier 2","Delhi Capitals","Sunrisers Hyderabad","Delhi Capitals","bat","Sheikh Zayed Stadium",46.00,48.35,159,"Delhi Capitals"
1237181,"2020","NA","Final","Delhi Capitals","Mumbai Indians","Delhi Capitals","bat","Dubai International Cricket Stadium",46.00,55.17,164,"Mumbai Indians"
1254058,"2021","Chennai","League","Mumbai Indians","Royal Challengers Bengaluru","Royal Challengers Bengaluru","field","MA Chidambaram Stadium",55.17,48.81,164,"Royal Challengers Bengaluru"
1254059,"2021","Mumbai","League","Chennai Super Kings","Delhi Capitals","Delhi Capitals","field","Wankhede Stadium",58.23,46.00,170,"Delhi Capitals"
1254060,"2021","Chennai","League","Kolkata Knight Riders","Sunrisers Hyderabad","Sunrisers Hyderabad","field","MA Chidambaram Stadium",52.19,48.35,164,"Kolkata Knight Riders"
1254061,"2021","Mumbai","League","Punjab Kings","Rajasthan Royals","Rajasthan Royals","field","Wankhede Stadium",45.53,51.14,170,"Punjab Kings"
1254062,"2021","Chennai","League","Mumbai Indians","Kolkata Knight Riders","Kolkata Knight Riders","field","MA Chidambaram Stadium",55.17,52.19,164,"Mumbai Indians"
1254063,"2021","Chennai","League","Royal Challengers Bengaluru","Sunrisers Hyderabad","Sunrisers Hyderabad","field","MA Chidambaram Stadium",48.81,48.35,164,"Royal Challengers Bengaluru"
1254064,"2021","Mumbai","League","Delhi Capitals","Rajasthan Royals","Rajasthan Royals","field","Wankhede Stadium",46.00,51.14,170,"Rajasthan Royals"
1254065,"2021","Mumbai","League","Punjab Kings","Chennai Super Kings","Chennai Super Kings","field","Wankhede Stadium",45.53,58.23,170,"Chennai Super Kings"
1254066,"2021","Chennai","League","Mumbai Indians","Sunrisers Hyderabad","Mumbai Indians","bat","MA Chidambaram Stadium",55.17,48.35,164,"Mumbai Indians"
1254067,"2021","Chennai","League","Royal Challengers Bengaluru","Kolkata Knight Riders","Royal Challengers Bengaluru","bat","MA Chidambaram Stadium",48.81,52.19,164,"Royal Challengers Bengaluru"
1254068,"2021","Mumbai","League","Punjab Kings","Delhi Capitals","Delhi Capitals","field","Wankhede Stadium",45.53,46.00,170,"Delhi Capitals"
1254069,"2021","Mumbai","League","Chennai Super Kings","Rajasthan Royals","Rajasthan Royals","field","Wankhede Stadium",58.23,51.14,170,"Chennai Super Kings"
1254070,"2021","Chennai","League","Mumbai Indians","Delhi Capitals","Mumbai Indians","bat","MA Chidambaram Stadium",55.17,46.00,164,"Delhi Capitals"
1254071,"2021","Chennai","League","Punjab Kings","Sunrisers Hyderabad","Punjab Kings","bat","MA Chidambaram Stadium",45.53,48.35,164,"Sunrisers Hyderabad"
1254072,"2021","Mumbai","League","Chennai Super Kings","Kolkata Knight Riders","Kolkata Knight Riders","field","Wankhede Stadium",58.23,52.19,170,"Chennai Super Kings"
1254073,"2021","Mumbai","League","Rajasthan Royals","Royal Challengers Bengaluru","Royal Challengers Bengaluru","field","Wankhede Stadium",51.14,48.81,170,"Royal Challengers Bengaluru"
1254074,"2021","Chennai","League","Mumbai Indians","Punjab Kings","Punjab Kings","field","MA Chidambaram Stadium",55.17,45.53,164,"Punjab Kings"
1254075,"2021","Mumbai","League","Kolkata Knight Riders","Rajasthan Royals","Rajasthan Royals","field","Wankhede Stadium",52.19,51.14,170,"Rajasthan Royals"
1254076,"2021","Mumbai","League","Chennai Super Kings","Royal Challengers Bengaluru","Chennai Super Kings","bat","Wankhede Stadium",58.23,48.81,170,"Chennai Super Kings"
1254077,"2021","Chennai","League","Delhi Capitals","Sunrisers Hyderabad","Delhi Capitals","bat","MA Chidambaram Stadium",46.00,48.35,164,"Delhi Capitals"
1254078,"2021","Ahmedabad","League","Punjab Kings","Kolkata Knight Riders","Kolkata Knight Riders","field","Narendra Modi Stadium, Ahmedabad",45.53,52.19,176,"Kolkata Knight Riders"
1254079,"2021","Ahmedabad","League","Royal Challengers Bengaluru","Delhi Capitals","Delhi Capitals","field","Narendra Modi Stadium, Ahmedabad",48.81,46.00,176,"Royal Challengers Bengaluru"
1254080,"2021","Delhi","League","Sunrisers Hyderabad","Chennai Super Kings","Sunrisers Hyderabad","bat","Arun Jaitley Stadium",48.35,58.23,185,"Chennai Super Kings"
1254081,"2021","Delhi","League","Rajasthan Royals","Mumbai Indians","Mumbai Indians","field","Arun Jaitley Stadium",51.14,55.17,185,"Mumbai Indians"
1254082,"2021","Ahmedabad","League","Kolkata Knight Riders","Delhi Capitals","Delhi Capitals","field","Narendra Modi Stadium, Ahmedabad",52.19,46.00,176,"Delhi Capitals"
1254083,"2021","Ahmedabad","League","Punjab Kings","Royal Challengers Bengaluru","Royal Challengers Bengaluru","field","Narendra Modi Stadium, Ahmedabad",45.53,48.81,176,"Punjab Kings"
1254084,"2021","Delhi","League","Chennai Super Kings","Mumbai Indians","Mumbai Indians","field","Arun Jaitley Stadium",58.23,55.17,185,"Mumbai Indians"
1254085,"2021","Delhi","League","Rajasthan Royals","Sunrisers Hyderabad","Sunrisers Hyderabad","field","Arun Jaitley Stadium",51.14,48.35,185,"Rajasthan Royals"
1254086,"2021","Ahmedabad","League","Punjab Kings","Delhi Capitals","Delhi Capitals","field","Narendra Modi Stadium, Ahmedabad",45.53,46.00,176,"Delhi Capitals"
1254087,"2021","Abu Dhabi","League","Royal Challengers Bengaluru","Kolkata Knight Riders","Royal Challengers Bengaluru","bat","Zayed Cricket Stadium",48.81,52.19,159,"Kolkata Knight Riders"
1254088,"2021","Abu Dhabi","League","Mumbai Indians","Sunrisers Hyderabad","Mumbai Indians","bat","Zayed Cricket Stadium",55.17,48.35,159,"Mumbai Indians"
1254089,"2021","Abu Dhabi","League","Chennai Super Kings","Rajasthan Royals","Rajasthan Royals","field","Zayed Cricket Stadium",58.23,51.14,159,"Rajasthan Royals"
1254090,"2021","Sharjah","League","Royal Challengers Bengaluru","Punjab Kings","Royal Challengers Bengaluru","bat","Sharjah Cricket Stadium",48.81,45.53,159,"Royal Challengers Bengaluru"
1254091,"2021","Sharjah","League","Sunrisers Hyderabad","Chennai Super Kings","Chennai Super Kings","field","Sharjah Cricket Stadium",48.35,58.23,159,"Chennai Super Kings"
1254092,"2021","Sharjah","League","Delhi Capitals","Kolkata Knight Riders","Kolkata Knight Riders","field","Sharjah Cricket Stadium",46.00,52.19,159,"Kolkata Knight Riders"
1254093,"2021","Sharjah","League","Rajasthan Royals","Mumbai Indians","Mumbai Indians","field","Sharjah Cricket Stadium",51.14,55.17,159,"Mumbai Indians"
1254094,"2021","Dubai","League","Chennai Super Kings","Punjab Kings","Punjab Kings","field","Dubai International Cricket Stadium",58.23,45.53,164,"Punjab Kings"
1254095,"2021","Abu Dhabi","League","Sunrisers Hyderabad","Royal Challengers Bengaluru","Royal Challengers Bengaluru","field","Zayed Cricket Stadium",48.35,48.81,159,"Sunrisers Hyderabad"
1254096,"2021","Abu Dhabi","League","Mumbai Indians","Kolkata Knight Riders","Kolkata Knight Riders","field","Zayed Cricket Stadium",55.17,52.19,159,"Kolkata Knight Riders"
1254097,"2021","Abu Dhabi","League","Delhi Capitals","Rajasthan Royals","Rajasthan Royals","field","Zayed Cricket Stadium",46.00,51.14,159,"Delhi Capitals"
1254098,"2021","Abu Dhabi","League","Kolkata Knight Riders","Chennai Super Kings","Kolkata Knight Riders","bat","Zayed Cricket Stadium",52.19,58.23,159,"Chennai Super Kings"
1254099,"2021","Abu Dhabi","League","Punjab Kings","Mumbai Indians","Mumbai Indians","field","Zayed Cricket Stadium",45.53,55.17,159,"Mumbai Indians"
1254100,"2021","Dubai","League","Rajasthan Royals","Sunrisers Hyderabad","Rajasthan Royals","bat","Dubai International Cricket Stadium",51.14,48.35,164,"Sunrisers Hyderabad"
1254101,"2021","Dubai","League","Delhi Capitals","Royal Challengers Bengaluru","Royal Challengers Bengaluru","field","Dubai International Cricket Stadium",46.00,48.81,164,"Royal Challengers Bengaluru"
1254102,"2021","Dubai","League","Kolkata Knight Riders","Punjab Kings","Punjab Kings","field","Dubai International Cricket Stadium",52.19,45.53,164,"Punjab Kings"
1254103,"2021","Dubai","League","Rajasthan Royals","Royal Challengers Bengaluru","Royal Challengers Bengaluru","field","Dubai International Cricket Stadium",51.14,48.81,164,"Royal Challengers Bengaluru"
1254104,"2021","Dubai","League","Chennai Super Kings","Mumbai Indians","Chennai Super Kings","bat","Dubai International Cricket Stadium",58.23,55.17,164,"Chennai Super Kings"
1254105,"2021","Dubai","League","Sunrisers Hyderabad","Delhi Capitals","Sunrisers Hyderabad","bat","Dubai International Cricket Stadium",48.35,46.00,164,"Delhi Capitals"
1254106,"2021","Sharjah","League","Kolkata Knight Riders","Rajasthan Royals","Rajasthan Royals","field","Sharjah Cricket Stadium",52.19,51.14,159,"Kolkata Knight Riders"
1254107,"2021","Sharjah","League","Punjab Kings","Sunrisers Hyderabad","Sunrisers Hyderabad","field","Sharjah Cricket Stadium",45.53,48.35,159,"Punjab Kings"
1254108,"2021","Dubai","League","Royal Challengers Bengaluru","Mumbai Indians","Mumbai Indians","field","Dubai International Cricket Stadium",48.81,55.17,164,"Royal Challengers Bengaluru"
1254109,"2021","Dubai","League","Sunrisers Hyderabad","Kolkata Knight Riders","Sunrisers Hyderabad","bat","Dubai International Cricket Stadium",48.35,52.19,164,"Kolkata Knight Riders"
1254110,"2021","Dubai","League","Chennai Super Kings","Delhi Capitals","Delhi Capitals","field","Dubai International Cricket Stadium",58.23,46.00,164,"Delhi Capitals"
1254111,"2021","Dubai","League","Rajasthan Royals","Punjab Kings","Punjab Kings","field","Dubai International Cricket Stadium",51.14,45.53,164,"Rajasthan Royals"
1254112,"2021","Sharjah","League","Mumbai Indians","Delhi Capitals","Delhi Capitals","field","Sharjah Cricket Stadium",55.17,46.00,159,"Delhi Capitals"
1254113,"2021","Sharjah","League","Royal Challengers Bengaluru","Chennai Super Kings","Chennai Super Kings","field","Sharjah Cricket Stadium",48.81,58.23,159,"Chennai Super Kings"
1254114,"2021","Dubai","Qualifier 1","Delhi Capitals","Chennai Super Kings","Chennai Super Kings","field","Dubai International Cricket Stadium",46.00,58.23,164,"Chennai Super Kings"
1254115,"2021","Sharjah","Eliminator","Royal Challengers Bengaluru","Kolkata Knight Riders","Royal Challengers Bengaluru","bat","Sharjah Cricket Stadium",48.81,52.19,159,"Kolkata Knight Riders"
1254116,"2021","Sharjah","Qualifier 2","Delhi Capitals","Kolkata Knight Riders","Kolkata Knight Riders","field","Sharjah Cricket Stadium",46.00,52.19,159,"Kolkata Knight Riders"
1254117,"2021","Dubai","Final","Chennai Super Kings","Kolkata Knight Riders","Kolkata Knight Riders","field","Dubai International Cricket Stadium",58.23,52.19,164,"Chennai Super Kings"
1304047,"2022","Mumbai","League","Chennai Super Kings","Kolkata Knight Riders","Kolkata Knight Riders","field","Wankhede Stadium",58.23,52.19,170,"Kolkata Knight Riders"
1304048,"2022","Mumbai","League","Mumbai Indians","Delhi Capitals","Delhi Capitals","field","Brabourne Stadium",55.17,46.00,179,"Delhi Capitals"
1304049,"2022","Mumbai","League","Royal Challengers Bengaluru","Punjab Kings","Punjab Kings","field","Dr DY Patil Sports Academy",48.81,45.53,160,"Punjab Kings"
1304050,"2022","Mumbai","League","Lucknow Super Giants","Gujarat Titans","Gujarat Titans","field","Wankhede Stadium",55.81,62.22,170,"Gujarat Titans"
1304051,"2022","Pune","League","Rajasthan Royals","Sunrisers Hyderabad","Sunrisers Hyderabad","field","Maharashtra Cricket Association Stadium",51.14,48.35,168,"Rajasthan Royals"
1304052,"2022","Mumbai","League","Kolkata Knight Riders","Royal Challengers Bengaluru","Royal Challengers Bengaluru","field","Dr DY Patil Sports Academy",52.19,48.81,160,"Royal Challengers Bengaluru"
1304053,"2022","Mumbai","League","Chennai Super Kings","Lucknow Super Giants","Lucknow Super Giants","field","Brabourne Stadium",58.23,55.81,179,"Lucknow Super Giants"
1304054,"2022","Mumbai","League","Punjab Kings","Kolkata Knight Riders","Kolkata Knight Riders","field","Wankhede Stadium",45.53,52.19,170,"Kolkata Knight Riders"
1304055,"2022","Mumbai","League","Rajasthan Royals","Mumbai Indians","Mumbai Indians","field","Dr DY Patil Sports Academy",51.14,55.17,160,"Rajasthan Royals"
1304056,"2022","Pune","League","Gujarat Titans","Delhi Capitals","Delhi Capitals","field","Maharashtra Cricket Association Stadium",62.22,46.00,168,"Gujarat Titans"
1304057,"2022","Mumbai","League","Punjab Kings","Chennai Super Kings","Chennai Super Kings","field","Brabourne Stadium",45.53,58.23,179,"Punjab Kings"
1304058,"2022","Mumbai","League","Lucknow Super Giants","Sunrisers Hyderabad","Sunrisers Hyderabad","field","Dr DY Patil Sports Academy",55.81,48.35,160,"Lucknow Super Giants"
1304059,"2022","Mumbai","League","Rajasthan Royals","Royal Challengers Bengaluru","Royal Challengers Bengaluru","field","Wankhede Stadium",51.14,48.81,170,"Royal Challengers Bengaluru"
1304060,"2022","Pune","League","Mumbai Indians","Kolkata Knight Riders","Kolkata Knight Riders","field","Maharashtra Cricket Association Stadium",55.17,52.19,168,"Kolkata Knight Riders"
1304061,"2022","Mumbai","League","Delhi Capitals","Lucknow Super Giants","Lucknow Super Giants","field","Dr DY Patil Sports Academy",46.00,55.81,160,"Lucknow Super Giants"
1304062,"2022","Mumbai","League","Punjab Kings","Gujarat Titans","Gujarat Titans","field","Brabourne Stadium",45.53,62.22,179,"Gujarat Titans"
1304063,"2022","Mumbai","League","Chennai Super Kings","Sunrisers Hyderabad","Sunrisers Hyderabad","field","Dr DY Patil Sports Academy",58.23,48.35,160,"Sunrisers Hyderabad"
1304064,"2022","Pune","League","Mumbai Indians","Royal Challengers Bengaluru","Royal Challengers Bengaluru","field","Maharashtra Cricket Association Stadium",55.17,48.81,168,"Royal Challengers Bengaluru"
1304065,"2022","Mumbai","League","Delhi Capitals","Kolkata Knight Riders","Kolkata Knight Riders","field","Brabourne Stadium",46.00,52.19,179,"Delhi Capitals"
1304066,"2022","Mumbai","League","Rajasthan Royals","Lucknow Super Giants","Lucknow Super Giants","field","Wankhede Stadium",51.14,55.81,170,"Rajasthan Royals"
1304067,"2022","Mumbai","League","Gujarat Titans","Sunrisers Hyderabad","Sunrisers Hyderabad","field","Dr DY Patil Sports Academy",62.22,48.35,160,"Sunrisers Hyderabad"
1304068,"2022","Mumbai","League","Chennai Super Kings","Royal Challengers Bengaluru","Royal Challengers Bengaluru","field","Dr DY Patil Sports Academy",58.23,48.81,160,"Chennai Super Kings"
1304069,"2022","Pune","League","Punjab Kings","Mumbai Indians","Mumbai Indians","field","Maharashtra Cricket Association Stadium",45.53,55.17,168,"Punjab Kings"
1304070,"2022","Mumbai","League","Gujarat Titans","Rajasthan Royals","Rajasthan Royals","field","Dr DY Patil Sports Academy",62.22,51.14,160,"Gujarat Titans"
1304071,"2022","Mumbai","League","Kolkata Knight Riders","Sunrisers Hyderabad","Sunrisers Hyderabad","field","Brabourne Stadium",52.19,48.35,179,"Sunrisers Hyderabad"
1304072,"2022","Mumbai","League","Lucknow Super Giants","Mumbai Indians","Mumbai Indians","field","Brabourne Stadium",55.81,55.17,179,"Lucknow Super Giants"
1304073,"2022","Mumbai","League","Royal Challengers Bengaluru","Delhi Capitals","Delhi Capitals","field","Wankhede Stadium",48.81,46.00,170,"Royal Challengers Bengaluru"
1304074,"2022","Mumbai","League","Punjab Kings","Sunrisers Hyderabad","Sunrisers Hyderabad","field","Dr DY Patil Sports Academy",45.53,48.35,160,"Sunrisers Hyderabad"
1304075,"2022","Pune","League","Chennai Super Kings","Gujarat Titans","Gujarat Titans","field","Maharashtra Cricket Association Stadium",58.23,62.22,168,"Gujarat Titans"
1304076,"2022","Mumbai","League","Rajasthan Royals","Kolkata Knight Riders","Kolkata Knight Riders","field","Brabourne Stadium",51.14,52.19,179,"Rajasthan Royals"
1304077,"2022","Mumbai","League","Royal Challengers Bengaluru","Lucknow Super Giants","Lucknow Super Giants","field","Dr DY Patil Sports Academy",48.81,55.81,160,"Royal Challengers Bengaluru"
1304078,"2022","Mumbai","League","Punjab Kings","Delhi Capitals","Delhi Capitals","field","Brabourne Stadium",45.53,46.00,179,"Delhi Capitals"
1304079,"2022","Navi Mumbai","League","Mumbai Indians","Chennai Super Kings","Chennai Super Kings","field","Dr DY Patil Sports Academy",55.17,58.23,160,"Chennai Super Kings"
1304080,"2022","Mumbai","League","Rajasthan Royals","Delhi Capitals","Delhi Capitals","field","Wankhede Stadium",51.14,46.00,170,"Rajasthan Royals"
1304081,"2022","Navi Mumbai","League","Gujarat Titans","Kolkata Knight Riders","Gujarat Titans","bat","Dr DY Patil Sports Academy",62.22,52.19,160,"Gujarat Titans"
1304082,"2022","Mumbai","League","Royal Challengers Bengaluru","Sunrisers Hyderabad","Sunrisers Hyderabad","field","Brabourne Stadium",48.81,48.35,179,"Sunrisers Hyderabad"
1304083,"2022","Mumbai","League","Lucknow Super Giants","Mumbai Indians","Mumbai Indians","field","Wankhede Stadium",55.81,55.17,170,"Lucknow Super Giants"
1304084,"2022","Mumbai","League","Punjab Kings","Chennai Super Kings","Chennai Super Kings","field","Wankhede Stadium",45.53,58.23,170,"Punjab Kings"
1304085,"2022","Pune","League","Rajasthan Royals","Royal Challengers Bengaluru","Royal Challengers Bengaluru","field","Maharashtra Cricket Association Stadium",51.14,48.81,168,"Rajasthan Royals"
1304086,"2022","Mumbai","League","Sunrisers Hyderabad","Gujarat Titans","Gujarat Titans","field","Wankhede Stadium",48.35,62.22,170,"Gujarat Titans"
1304087,"2022","Mumbai","League","Kolkata Knight Riders","Delhi Capitals","Delhi Capitals","field","Wankhede Stadium",52.19,46.00,170,"Delhi Capitals"
1304088,"2022","Pune","League","Lucknow Super Giants","Punjab Kings","Punjab Kings","field","Maharashtra Cricket Association Stadium",55.81,45.53,168,"Lucknow Super Giants"
1304089,"2022","Mumbai","League","Royal Challengers Bengaluru","Gujarat Titans","Royal Challengers Bengaluru","bat","Brabourne Stadium",48.81,62.22,179,"Gujarat Titans"
1304090,"2022","Navi Mumbai","League","Rajasthan Royals","Mumbai Indians","Mumbai Indians","field","Dr DY Patil Sports Academy",51.14,55.17,160,"Mumbai Indians"
1304091,"2022","Mumbai","League","Lucknow Super Giants","Delhi Capitals","Lucknow Super Giants","bat","Wankhede Stadium",55.81,46.00,170,"Lucknow Super Giants"
1304092,"2022","Pune","League","Chennai Super Kings","Sunrisers Hyderabad","Sunrisers Hyderabad","field","Maharashtra Cricket Association Stadium",58.23,48.35,168,"Chennai Super Kings"
1304093,"2022","Mumbai","League","Rajasthan Royals","Kolkata Knight Riders","Kolkata Knight Riders","field","Wankhede Stadium",51.14,52.19,170,"Kolkata Knight Riders"
1304094,"2022","Navi Mumbai","League","Gujarat Titans","Punjab Kings","Gujarat Titans","bat","Dr DY Patil Sports Academy",62.22,45.53,160,"Punjab Kings"
1304095,"2022","Pune","League","Royal Challengers Bengaluru","Chennai Super Kings","Chennai Super Kings","field","Maharashtra Cricket Association Stadium",48.81,58.23,168,"Royal Challengers Bengaluru"
1304096,"2022","Mumbai","League","Delhi Capitals","Sunrisers Hyderabad","Sunrisers Hyderabad","field","Brabourne Stadium",46.00,48.35,179,"Delhi Capitals"
1304097,"2022","Mumbai","League","Mumbai Indians","Gujarat Titans","Gujarat Titans","field","Brabourne Stadium",55.17,62.22,179,"Mumbai Indians"
1304098,"2022","Mumbai","League","Punjab Kings","Rajasthan Royals","Punjab Kings","bat","Wankhede Stadium",45.53,51.14,170,"Rajasthan Royals"
1304099,"2022","Pune","League","Lucknow Super Giants","Kolkata Knight Riders","Kolkata Knight Riders","field","Maharashtra Cricket Association Stadium",55.81,52.19,168,"Lucknow Super Giants"
1304100,"2022","Mumbai","League","Royal Challengers Bengaluru","Sunrisers Hyderabad","Royal Challengers Bengaluru","bat","Wankhede Stadium",48.81,48.35,170,"Royal Challengers Bengaluru"
1304101,"2022","Navi Mumbai","League","Chennai Super Kings","Delhi Capitals","Delhi Capitals","field","Dr DY Patil Sports Academy",58.23,46.00,160,"Chennai Super Kings"
1304102,"2022","Navi Mumbai","League","Kolkata Knight Riders","Mumbai Indians","Mumbai Indians","field","Dr DY Patil Sports Academy",52.19,55.17,160,"Kolkata Knight Riders"
1304103,"2022","Pune","League","Gujarat Titans","Lucknow Super Giants","Gujarat Titans","bat","Maharashtra Cricket Association Stadium",62.22,55.81,168,"Gujarat Titans"
1304104,"2022","Navi Mumbai","League","Rajasthan Royals","Delhi Capitals","Delhi Capitals","field","Dr DY Patil Sports Academy",51.14,46.00,160,"Delhi Capitals"
1304105,"2022","Mumbai","League","Chennai Super Kings","Mumbai Indians","Mumbai Indians","field","Wankhede Stadium",58.23,55.17,170,"Mumbai Indians"
1304106,"2022","Mumbai","League","Punjab Kings","Royal Challengers Bengaluru","Royal Challengers Bengaluru","field","Brabourne Stadium",45.53,48.81,179,"Punjab Kings"
1304107,"2022","Pune","League","Kolkata Knight Riders","Sunrisers Hyderabad","Kolkata Knight Riders","bat","Maharashtra Cricket Association Stadium",52.19,48.35,168,"Kolkata Knight Riders"
1304108,"2022","Mumbai","League","Chennai Super Kings","Gujarat Titans","Chennai Super Kings","bat","Wankhede Stadium",58.23,62.22,170,"Gujarat Titans"
1304109,"2022","Mumbai","League","Rajasthan Royals","Lucknow Super Giants","Rajasthan Royals","bat","Brabourne Stadium",51.14,55.81,179,"Rajasthan Royals"
1304110,"2022","Navi Mumbai","League","Delhi Capitals","Punjab Kings","Punjab Kings","field","Dr DY Patil Sports Academy",46.00,45.53,160,"Delhi Capitals"
1304111,"2022","Mumbai","League","Sunrisers Hyderabad","Mumbai Indians","Mumbai Indians","field","Wankhede Stadium",48.35,55.17,170,"Sunrisers Hyderabad"
1304112,"2022","Navi Mumbai","League","Lucknow Super Giants","Kolkata Knight Riders","Lucknow Super Giants","bat","Dr DY Patil Sports Academy",55.81,52.19,160,"Lucknow Super Giants"
1304113,"2022","Mumbai","League","Gujarat Titans","Royal Challengers Bengaluru","Gujarat Titans","bat","Wankhede Stadium",62.22,48.81,170,"Royal Challengers Bengaluru"
1304114,"2022","Mumbai","League","Chennai Super Kings","Rajasthan Royals","Chennai Super Kings","bat","Brabourne Stadium",58.23,51.14,179,"Rajasthan Royals"
1304115,"2022","Mumbai","League","Delhi Capitals","Mumbai Indians","Mumbai Indians","field","Wankhede Stadium",46.00,55.17,170,"Mumbai Indians"
1304116,"2022","Mumbai","League","Sunrisers Hyderabad","Punjab Kings","Sunrisers Hyderabad","bat","Wankhede Stadium",48.35,45.53,170,"Punjab Kings"
1312197,"2022","Kolkata","Qualifier 1","Rajasthan Royals","Gujarat Titans","Gujarat Titans","field","Eden Gardens",51.14,62.22,166,"Gujarat Titans"
1312198,"2022","Kolkata","Eliminator","Royal Challengers Bengaluru","Lucknow Super Giants","Lucknow Super Giants","field","Eden Gardens",48.81,55.81,166,"Royal Challengers Bengaluru"
1312199,"2022","Ahmedabad","Qualifier 2","Royal Challengers Bengaluru","Rajasthan Royals","Rajasthan Royals","field","Narendra Modi Stadium, Ahmedabad",48.81,51.14,176,"Rajasthan Royals"
1312200,"2022","Ahmedabad","Final","Rajasthan Royals","Gujarat Titans","Rajasthan Royals","bat","Narendra Modi Stadium, Ahmedabad",51.14,62.22,176,"Gujarat Titans"
1359475,"2023","Ahmedabad","League","Chennai Super Kings","Gujarat Titans","Gujarat Titans","field","Narendra Modi Stadium, Ahmedabad",58.23,62.22,176,"Gujarat Titans"
1359476,"2023","Chandigarh","League","Punjab Kings","Kolkata Knight Riders","Kolkata Knight Riders","field","Punjab Cricket Association IS Bindra Stadium",45.53,52.19,168,"Punjab Kings"
1359477,"2023","Lucknow","League","Lucknow Super Giants","Delhi Capitals","Delhi Capitals","field","Bharat Ratna Shri Atal Bihari Vajpayee Ekana Cricket Stadium, Lucknow",55.81,46.00,165,"Lucknow Super Giants"
1359478,"2023","Hyderabad","League","Rajasthan Royals","Sunrisers Hyderabad","Sunrisers Hyderabad","field","Rajiv Gandhi International Stadium",51.14,48.35,163,"Rajasthan Royals"
1359479,"2023","Bengaluru","League","Mumbai Indians","Royal Challengers Bengaluru","Royal Challengers Bengaluru","field","M Chinnaswamy Stadium",55.17,48.81,173,"Royal Challengers Bengaluru"
1359480,"2023","Chennai","League","Chennai Super Kings","Lucknow Super Giants","Lucknow Super Giants","field","MA Chidambaram Stadium",58.23,55.81,164,"Chennai Super Kings"
1359481,"2023","Delhi","League","Delhi Capitals","Gujarat Titans","Gujarat Titans","field","Arun Jaitley Stadium",46.00,62.22,185,"Gujarat Titans"
1359482,"2023","Guwahati","League","Punjab Kings","Rajasthan Royals","Rajasthan Royals","field","Barsapara Cricket Stadium, Guwahati",45.53,51.14,180,"Punjab Kings"
1359483,"2023","Kolkata","League","Kolkata Knight Riders","Royal Challengers Bengaluru","Royal Challengers Bengaluru","field","Eden Gardens",52.19,48.81,166,"Kolkata Knight Riders"
1359484,"2023","Lucknow","League","Sunrisers Hyderabad","Lucknow Super Giants","Sunrisers Hyderabad","bat","Bharat Ratna Shri Atal Bihari Vajpayee Ekana Cricket Stadium, Lucknow",48.35,55.81,165,"Lucknow Super Giants"
1359485,"2023","Guwahati","League","Rajasthan Royals","Delhi Capitals","Delhi Capitals","field","Barsapara Cricket Stadium, Guwahati",51.14,46.00,180,"Rajasthan Royals"
1359486,"2023","Mumbai","League","Mumbai Indians","Chennai Super Kings","Chennai Super Kings","field","Wankhede Stadium",55.17,58.23,170,"Chennai Super Kings"
1359487,"2023","Ahmedabad","League","Gujarat Titans","Kolkata Knight Riders","Gujarat Titans","bat","Narendra Modi Stadium, Ahmedabad",62.22,52.19,176,"Kolkata Knight Riders"
1359488,"2023","Hyderabad","League","Punjab Kings","Sunrisers Hyderabad","Sunrisers Hyderabad","field","Rajiv Gandhi International Stadium",45.53,48.35,163,"Sunrisers Hyderabad"
1359489,"2023","Bengaluru","League","Royal Challengers Bengaluru","Lucknow Super Giants","Lucknow Super Giants","field","M Chinnaswamy Stadium",48.81,55.81,173,"Lucknow Super Giants"
1359490,"2023","Delhi","League","Delhi Capitals","Mumbai Indians","Mumbai Indians","field","Arun Jaitley Stadium",46.00,55.17,185,"Mumbai Indians"
1359491,"2023","Chennai","League","Rajasthan Royals","Chennai Super Kings","Chennai Super Kings","field","MA Chidambaram Stadium",51.14,58.23,164,"Rajasthan Royals"
1359492,"2023","Chandigarh","League","Punjab Kings","Gujarat Titans","Gujarat Titans","field","Punjab Cricket Association IS Bindra Stadium",45.53,62.22,168,"Gujarat Titans"
1359493,"2023","Kolkata","League","Sunrisers Hyderabad","Kolkata Knight Riders","Kolkata Knight Riders","field","Eden Gardens",48.35,52.19,166,"Sunrisers Hyderabad"
1359494,"2023","Bengaluru","League","Royal Challengers Bengaluru","Delhi Capitals","Delhi Capitals","field","M Chinnaswamy Stadium",48.81,46.00,173,"Royal Challengers Bengaluru"
1359495,"2023","Lucknow","League","Lucknow Super Giants","Punjab Kings","Punjab Kings","field","Bharat Ratna Shri Atal Bihari Vajpayee Ekana Cricket Stadium, Lucknow",55.81,45.53,165,"Punjab Kings"
1359496,"2023","Mumbai","League","Kolkata Knight Riders","Mumbai Indians","Mumbai Indians","field","Wankhede Stadium",52.19,55.17,170,"Mumbai Indians"
1359497,"2023","Ahmedabad","League","Gujarat Titans","Rajasthan Royals","Rajasthan Royals","field","Narendra Modi Stadium, Ahmedabad",62.22,51.14,176,"Rajasthan Royals"
1359498,"2023","Bengaluru","League","Chennai Super Kings","Royal Challengers Bengaluru","Royal Challengers Bengaluru","field","M Chinnaswamy Stadium",58.23,48.81,173,"Chennai Super Kings"
1359499,"2023","Hyderabad","League","Mumbai Indians","Sunrisers Hyderabad","Sunrisers Hyderabad","field","Rajiv Gandhi International Stadium",55.17,48.35,163,"Mumbai Indians"
1359500,"2023","Jaipur","League","Lucknow Super Giants","Rajasthan Royals","Rajasthan Royals","field","Sawai Mansingh Stadium",55.81,51.14,162,"Lucknow Super Giants"
1359501,"2023","Chandigarh","League","Royal Challengers Bengaluru","Punjab Kings","Punjab Kings","field","Punjab Cricket Association IS Bindra Stadium",48.81,45.53,168,"Royal Challengers Bengaluru"
1359502,"2023","Delhi","League","Kolkata Knight Riders","Delhi Capitals","Delhi Capitals","field","Arun Jaitley Stadium",52.19,46.00,185,"Delhi Capitals"
1359503,"2023","Chennai","League","Sunrisers Hyderabad","Chennai Super Kings","Chennai Super Kings","field","MA Chidambaram Stadium",48.35,58.23,164,"Chennai Super Kings"
1359504,"2023","Lucknow","League","Gujarat Titans","Lucknow Super Giants","Gujarat Titans","bat","Bharat Ratna Shri Atal Bihari Vajpayee Ekana Cricket Stadium, Lucknow",62.22,55.81,165,"Gujarat Titans"
1359505,"2023","Mumbai","League","Punjab Kings","Mumbai Indians","Mumbai Indians","field","Wankhede Stadium",45.53,55.17,170,"Punjab Kings"
1359506,"2023","Bengaluru","League","Royal Challengers Bengaluru","Rajasthan Royals","Rajasthan Royals","field","M Chinnaswamy Stadium",48.81,51.14,173,"Royal Challengers Bengaluru"
1359507,"2023","Kolkata","League","Chennai Super Kings","Kolkata Knight Riders","Kolkata Knight Riders","field","Eden Gardens",58.23,52.19,166,"Chennai Super Kings"
1359508,"2023","Hyderabad","League","Delhi Capitals","Sunrisers Hyderabad","Delhi Capitals","bat","Rajiv Gandhi International Stadium",46.00,48.35,163,"Delhi Capitals"
1359509,"2023","Ahmedabad","League","Gujarat Titans","Mumbai Indians","Mumbai Indians","field","Narendra Modi Stadium, Ahmedabad",62.22,55.17,176,"Gujarat Titans"
1359510,"2023","Bengaluru","League","Kolkata Knight Riders","Royal Challengers Bengaluru","Royal Challengers Bengaluru","field","M Chinnaswamy Stadium",52.19,48.81,173,"Kolkata Knight Riders"
1359511,"2023","Jaipur","League","Rajasthan Royals","Chennai Super Kings","Rajasthan Royals","bat","Sawai Mansingh Stadium",51.14,58.23,162,"Rajasthan Royals"
1359512,"2023","Chandigarh","League","Lucknow Super Giants","Punjab Kings","Punjab Kings","field","Punjab Cricket Association IS Bindra Stadium",55.81,45.53,168,"Lucknow Super Giants"
1359513,"2023","Kolkata","League","Kolkata Knight Riders","Gujarat Titans","Gujarat Titans","field","Eden Gardens",52.19,62.22,166,"Gujarat Titans"
1359514,"2023","Delhi","League","Sunrisers Hyderabad","Delhi Capitals","Sunrisers Hyderabad","bat","Arun Jaitley Stadium",48.35,46.00,185,"Sunrisers Hyderabad"
1359515,"2023","Chennai","League","Chennai Super Kings","Punjab Kings","Chennai Super Kings","bat","MA Chidambaram Stadium",58.23,45.53,164,"Punjab Kings"
1359516,"2023","Mumbai","League","Rajasthan Royals","Mumbai Indians","Rajasthan Royals","bat","Wankhede Stadium",51.14,55.17,170,"Mumbai Indians"
1359517,"2023","Lucknow","League","Royal Challengers Bengaluru","Lucknow Super Giants","Royal Challengers Bengaluru","bat","Bharat Ratna Shri Atal Bihari Vajpayee Ekana Cricket Stadium, Lucknow",48.81,55.81,165,"Royal Challengers Bengaluru"
1359518,"2023","Ahmedabad","League","Delhi Capitals","Gujarat Titans","Delhi Capitals","bat","Narendra Modi Stadium, Ahmedabad",46.00,62.22,176,"Delhi Capitals"
1359520,"2023","Chandigarh","League","Punjab Kings","Mumbai Indians","Mumbai Indians","field","Punjab Cricket Association IS Bindra Stadium",45.53,55.17,168,"Mumbai Indians"
1359521,"2023","Hyderabad","League","Kolkata Knight Riders","Sunrisers Hyderabad","Kolkata Knight Riders","bat","Rajiv Gandhi International Stadium",52.19,48.35,163,"Kolkata Knight Riders"
1359522,"2023","Jaipur","League","Rajasthan Royals","Gujarat Titans","Rajasthan Royals","bat","Sawai Mansingh Stadium",51.14,62.22,162,"Gujarat Titans"
1359523,"2023","Chennai","League","Mumbai Indians","Chennai Super Kings","Chennai Super Kings","field","MA Chidambaram Stadium",55.17,58.23,164,"Chennai Super Kings"
1359524,"2023","Delhi","League","Royal Challengers Bengaluru","Delhi Capitals","Royal Challengers Bengaluru","bat","Arun Jaitley Stadium",48.81,46.00,185,"Delhi Capitals"
1359525,"2023","Ahmedabad","League","Gujarat Titans","Lucknow Super Giants","Lucknow Super Giants","field","Narendra Modi Stadium, Ahmedabad",62.22,55.81,176,"Gujarat Titans"
1359526,"2023","Jaipur","League","Rajasthan Royals","Sunrisers Hyderabad","Rajasthan Royals","bat","Sawai Mansingh Stadium",51.14,48.35,162,"Sunrisers Hyderabad"
1359527,"2023","Kolkata","League","Punjab Kings","Kolkata Knight Riders","Punjab Kings","bat","Eden Gardens",45.53,52.19,166,"Kolkata Knight Riders"
1359528,"2023","Mumbai","League","Royal Challengers Bengaluru","Mumbai Indians","Mumbai Indians","field","Wankhede Stadium",48.81,55.17,170,"Mumbai Indians"
1359529,"2023","Chennai","League","Chennai Super Kings","Delhi Capitals","Chennai Super Kings","bat","MA Chidambaram Stadium",58.23,46.00,164,"Chennai Super Kings"
1359530,"2023","Kolkata","League","Kolkata Knight Riders","Rajasthan Royals","Rajasthan Royals","field","Eden Gardens",52.19,51.14,166,"Rajasthan Royals"
1359531,"2023","Mumbai","League","Mumbai Indians","Gujarat Titans","Gujarat Titans","field","Wankhede Stadium",55.17,62.22,170,"Mumbai Indians"
1359532,"2023","Hyderabad","League","Sunrisers Hyderabad","Lucknow Super Giants","Sunrisers Hyderabad","bat","Rajiv Gandhi International Stadium",48.35,55.81,163,"Lucknow Super Giants"
1359533,"2023","Delhi","League","Punjab Kings","Delhi Capitals","Delhi Capitals","field","Arun Jaitley Stadium",45.53,46.00,185,"Punjab Kings"
1359534,"2023","Jaipur","League","Royal Challengers Bengaluru","Rajasthan Royals","Royal Challengers Bengaluru","bat","Sawai Mansingh Stadium",48.81,51.14,162,"Royal Challengers Bengaluru"
1359535,"2023","Chennai","League","Chennai Super Kings","Kolkata Knight Riders","Chennai Super Kings","bat","MA Chidambaram Stadium",58.23,52.19,164,"Kolkata Knight Riders"
1359536,"2023","Ahmedabad","League","Gujarat Titans","Sunrisers Hyderabad","Sunrisers Hyderabad","field","Narendra Modi Stadium, Ahmedabad",62.22,48.35,176,"Gujarat Titans"
1359537,"2023","Lucknow","League","Lucknow Super Giants","Mumbai Indians","Mumbai Indians","field","Bharat Ratna Shri Atal Bihari Vajpayee Ekana Cricket Stadium, Lucknow",55.81,55.17,165,"Lucknow Super Giants"
1359538,"2023","Dharamsala","League","Delhi Capitals","Punjab Kings","Punjab Kings","field","Himachal Pradesh Cricket Association Stadium",46.00,45.53,184,"Delhi Capitals"
1359539,"2023","Hyderabad","League","Sunrisers Hyderabad","Royal Challengers Bengaluru","Royal Challengers Bengaluru","field","Rajiv Gandhi International Stadium",48.35,48.81,163,"Royal Challengers Bengaluru"
1359540,"2023","Dharamsala","League","Punjab Kings","Rajasthan Royals","Rajasthan Royals","field","Himachal Pradesh Cricket Association Stadium",45.53,51.14,184,"Rajasthan Royals"
1359541,"2023","Delhi","League","Chennai Super Kings","Delhi Capitals","Chennai Super Kings","bat","Arun Jaitley Stadium",58.23,46.00,185,"Chennai Super Kings"
1359542,"2023","Kolkata","League","Lucknow Super Giants","Kolkata Knight Riders","Kolkata Knight Riders","field","Eden Gardens",55.81,52.19,166,"Lucknow Super Giants"
1359543,"2023","Mumbai","League","Sunrisers Hyderabad","Mumbai Indians","Mumbai Indians","field","Wankhede Stadium",48.35,55.17,170,"Mumbai Indians"
1359544,"2023","Bengaluru","League","Royal Challengers Bengaluru","Gujarat Titans","Gujarat Titans","field","M Chinnaswamy Stadium",48.81,62.22,173,"Gujarat Titans"
1370350,"2023","Chennai","Qualifier 1","Chennai Super Kings","Gujarat Titans","Gujarat Titans","field","MA Chidambaram Stadium",58.23,62.22,164,"Chennai Super Kings"
1370351,"2023","Chennai","Eliminator","Mumbai Indians","Lucknow Super Giants","Mumbai Indians","bat","MA Chidambaram Stadium",55.17,55.81,164,"Mumbai Indians"
1370352,"2023","Ahmedabad","Qualifier 2","Gujarat Titans","Mumbai Indians","Mumbai Indians","field","Narendra Modi Stadium, Ahmedabad",62.22,55.17,176,"Gujarat Titans"
1370353,"2023","Ahmedabad","Final","Gujarat Titans","Chennai Super Kings","Chennai Super Kings","field","Narendra Modi Stadium, Ahmedabad",62.22,58.23,176,"Chennai Super Kings"
1422119,"2024","Chennai","League","Royal Challengers Bengaluru","Chennai Super Kings","Royal Challengers Bengaluru","bat","MA Chidambaram Stadium",48.81,58.23,164,"Chennai Super Kings"
1422120,"2024","Mohali","League","Delhi Capitals","Punjab Kings","Punjab Kings","field","Maharaja Yadavindra Singh International Cricket Stadium, Mullanpur",46.00,45.53,167,"Punjab Kings"
1422121,"2024","Kolkata","League","Kolkata Knight Riders","Sunrisers Hyderabad","Sunrisers Hyderabad","field","Eden Gardens",52.19,48.35,166,"Kolkata Knight Riders"
1422122,"2024","Jaipur","League","Rajasthan Royals","Lucknow Super Giants","Rajasthan Royals","bat","Sawai Mansingh Stadium",51.14,55.81,162,"Rajasthan Royals"
1422123,"2024","Ahmedabad","League","Gujarat Titans","Mumbai Indians","Mumbai Indians","field","Narendra Modi Stadium, Ahmedabad",62.22,55.17,176,"Gujarat Titans"
1422124,"2024","Bengaluru","League","Punjab Kings","Royal Challengers Bengaluru","Royal Challengers Bengaluru","field","M Chinnaswamy Stadium",45.53,48.81,173,"Royal Challengers Bengaluru"
1422125,"2024","Chennai","League","Chennai Super Kings","Gujarat Titans","Gujarat Titans","field","MA Chidambaram Stadium",58.23,62.22,164,"Chennai Super Kings"
1422126,"2024","Hyderabad","League","Sunrisers Hyderabad","Mumbai Indians","Mumbai Indians","field","Rajiv Gandhi International Stadium",48.35,55.17,163,"Sunrisers Hyderabad"
1422127,"2024","Jaipur","League","Rajasthan Royals","Delhi Capitals","Delhi Capitals","field","Sawai Mansingh Stadium",51.14,46.00,162,"Rajasthan Royals"
1422128,"2024","Bengaluru","League","Royal Challengers Bengaluru","Kolkata Knight Riders","Kolkata Knight Riders","field","M Chinnaswamy Stadium",48.81,52.19,173,"Kolkata Knight Riders"
1422129,"2024","Lucknow","League","Lucknow Super Giants","Punjab Kings","Lucknow Super Giants","bat","Bharat Ratna Shri Atal Bihari Vajpayee Ekana Cricket Stadium, Lucknow",55.81,45.53,165,"Lucknow Super Giants"
1422130,"2024","Ahmedabad","League","Sunrisers Hyderabad","Gujarat Titans","Sunrisers Hyderabad","bat","Narendra Modi Stadium, Ahmedabad",48.35,62.22,176,"Gujarat Titans"
1422131,"2024","Visakhapatnam","League","Delhi Capitals","Chennai Super Kings","Delhi Capitals","bat","Dr. Y.S. Rajasekhara Reddy ACA-VDCA Cricket Stadium",46.00,58.23,167,"Delhi Capitals"
1422132,"2024","Mumbai","League","Mumbai Indians","Rajasthan Royals","Rajasthan Royals","field","Wankhede Stadium",55.17,51.14,170,"Rajasthan Royals"
1422133,"2024","Bengaluru","League","Lucknow Super Giants","Royal Challengers Bengaluru","Royal Challengers Bengaluru","field","M Chinnaswamy Stadium",55.81,48.81,173,"Lucknow Super Giants"
1422134,"2024","Visakhapatnam","League","Kolkata Knight Riders","Delhi Capitals","Kolkata Knight Riders","bat","Dr. Y.S. Rajasekhara Reddy ACA-VDCA Cricket Stadium",52.19,46.00,167,"Kolkata Knight Riders"
1422135,"2024","Ahmedabad","League","Gujarat Titans","Punjab Kings","Punjab Kings","field","Narendra Modi Stadium, Ahmedabad",62.22,45.53,176,"Punjab Kings"
1422136,"2024","Hyderabad","League","Chennai Super Kings","Sunrisers Hyderabad","Sunrisers Hyderabad","field","Rajiv Gandhi International Stadium",58.23,48.35,163,"Sunrisers Hyderabad"
1422137,"2024","Jaipur","League","Royal Challengers Bengaluru","Rajasthan Royals","Rajasthan Royals","field","Sawai Mansingh Stadium",48.81,51.14,162,"Rajasthan Royals"
1422138,"2024","Mumbai","League","Mumbai Indians","Delhi Capitals","Delhi Capitals","field","Wankhede Stadium",55.17,46.00,170,"Mumbai Indians"
1422139,"2024","Lucknow","League","Lucknow Super Giants","Gujarat Titans","Lucknow Super Giants","bat","Bharat Ratna Shri Atal Bihari Vajpayee Ekana Cricket Stadium, Lucknow",55.81,62.22,165,"Lucknow Super Giants"
1426260,"2024","Chennai","League","Kolkata Knight Riders","Chennai Super Kings","Chennai Super Kings","field","MA Chidambaram Stadium",52.19,58.23,164,"Chennai Super Kings"
1426261,"2024","Mohali","League","Sunrisers Hyderabad","Punjab Kings","Punjab Kings","field","Maharaja Yadavindra Singh International Cricket Stadium, Mullanpur",48.35,45.53,167,"Sunrisers Hyderabad"
1426262,"2024","Jaipur","League","Rajasthan Royals","Gujarat Titans","Gujarat Titans","field","Sawai Mansingh Stadium",51.14,62.22,162,"Gujarat Titans"
1426263,"2024","Mumbai","League","Royal Challengers Bengaluru","Mumbai Indians","Mumbai Indians","field","Wankhede Stadium",48.81,55.17,170,"Mumbai Indians"
1426264,"2024","Lucknow","League","Lucknow Super Giants","Delhi Capitals","Lucknow Super Giants","bat","Bharat Ratna Shri Atal Bihari Vajpayee Ekana Cricket Stadium, Lucknow",55.81,46.00,165,"Delhi Capitals"
1426265,"2024","Mohali","League","Punjab Kings","Rajasthan Royals","Rajasthan Royals","field","Maharaja Yadavindra Singh International Cricket Stadium, Mullanpur",45.53,51.14,167,"Rajasthan Royals"
1426266,"2024","Kolkata","League","Lucknow Super Giants","Kolkata Knight Riders","Kolkata Knight Riders","field","Eden Gardens",55.81,52.19,166,"Kolkata Knight Riders"
1426267,"2024","Mumbai","League","Chennai Super Kings","Mumbai Indians","Mumbai Indians","field","Wankhede Stadium",58.23,55.17,170,"Chennai Super Kings"
1426268,"2024","Bengaluru","League","Sunrisers Hyderabad","Royal Challengers Bengaluru","Royal Challengers Bengaluru","field","M Chinnaswamy Stadium",48.35,48.81,173,"Sunrisers Hyderabad"
1426269,"2024","Kolkata","League","Kolkata Knight Riders","Rajasthan Royals","Rajasthan Royals","field","Eden Gardens",52.19,51.14,166,"Rajasthan Royals"
1426270,"2024","Ahmedabad","League","Gujarat Titans","Delhi Capitals","Delhi Capitals","field","Narendra Modi Stadium, Ahmedabad",62.22,46.00,176,"Delhi Capitals"
1426271,"2024","Mohali","League","Mumbai Indians","Punjab Kings","Punjab Kings","field","Maharaja Yadavindra Singh International Cricket Stadium, Mullanpur",55.17,45.53,167,"Mumbai Indians"
1426272,"2024","Lucknow","League","Chennai Super Kings","Lucknow Super Giants","Lucknow Super Giants","field","Bharat Ratna Shri Atal Bihari Vajpayee Ekana Cricket Stadium, Lucknow",58.23,55.81,165,"Lucknow Super Giants"
1426273,"2024","Delhi","League","Sunrisers Hyderabad","Delhi Capitals","Delhi Capitals","field","Arun Jaitley Stadium",48.35,46.00,185,"Sunrisers Hyderabad"
1426274,"2024","Kolkata","League","Kolkata Knight Riders","Royal Challengers Bengaluru","Royal Challengers Bengaluru","field","Eden Gardens",52.19,48.81,166,"Kolkata Knight Riders"
1426275,"2024","Mohali","League","Punjab Kings","Gujarat Titans","Punjab Kings","bat","Maharaja Yadavindra Singh International Cricket Stadium, Mullanpur",45.53,62.22,167,"Gujarat Titans"
1426276,"2024","Jaipur","League","Mumbai Indians","Rajasthan Royals","Mumbai Indians","bat","Sawai Mansingh Stadium",55.17,51.14,162,"Rajasthan Royals"
1426277,"2024","Chennai","League","Chennai Super Kings","Lucknow Super Giants","Lucknow Super Giants","field","MA Chidambaram Stadium",58.23,55.81,164,"Lucknow Super Giants"
1426278,"2024","Delhi","League","Delhi Capitals","Gujarat Titans","Gujarat Titans","field","Arun Jaitley Stadium",46.00,62.22,185,"Delhi Capitals"
1426279,"2024","Hyderabad","League","Royal Challengers Bengaluru","Sunrisers Hyderabad","Royal Challengers Bengaluru","bat","Rajiv Gandhi International Stadium",48.81,48.35,163,"Royal Challengers Bengaluru"
1426280,"2024","Kolkata","League","Kolkata Knight Riders","Punjab Kings","Punjab Kings","field","Eden Gardens",52.19,45.53,166,"Punjab Kings"
1426281,"2024","Delhi","League","Delhi Capitals","Mumbai Indians","Mumbai Indians","field","Arun Jaitley Stadium",46.00,55.17,185,"Delhi Capitals"
1426282,"2024","Lucknow","League","Lucknow Super Giants","Rajasthan Royals","Rajasthan Royals","field","Bharat Ratna Shri Atal Bihari Vajpayee Ekana Cricket Stadium, Lucknow",55.81,51.14,165,"Rajasthan Royals"
1426283,"2024","Ahmedabad","League","Gujarat Titans","Royal Challengers Bengaluru","Royal Challengers Bengaluru","field","Narendra Modi Stadium, Ahmedabad",62.22,48.81,176,"Royal Challengers Bengaluru"
1426284,"2024","Chennai","League","Chennai Super Kings","Sunrisers Hyderabad","Sunrisers Hyderabad","field","MA Chidambaram Stadium",58.23,48.35,164,"Chennai Super Kings"
1426285,"2024","Kolkata","League","Delhi Capitals","Kolkata Knight Riders","Delhi Capitals","bat","Eden Gardens",46.00,52.19,166,"Kolkata Knight Riders"
1426286,"2024","Lucknow","League","Mumbai Indians","Lucknow Super Giants","Lucknow Super Giants","field","Bharat Ratna Shri Atal Bihari Vajpayee Ekana Cricket Stadium, Lucknow",55.17,55.81,165,"Lucknow Super Giants"
1426287,"2024","Chennai","League","Chennai Super Kings","Punjab Kings","Punjab Kings","field","MA Chidambaram Stadium",58.23,45.53,164,"Punjab Kings"
1426288,"2024","Hyderabad","League","Sunrisers Hyderabad","Rajasthan Royals","Sunrisers Hyderabad","bat","Rajiv Gandhi International Stadium",48.35,51.14,163,"Sunrisers Hyderabad"
1426289,"2024","Mumbai","League","Kolkata Knight Riders","Mumbai Indians","Mumbai Indians","field","Wankhede Stadium",52.19,55.17,170,"Kolkata Knight Riders"
1426290,"2024","Bengaluru","League","Gujarat Titans","Royal Challengers Bengaluru","Royal Challengers Bengaluru","field","M Chinnaswamy Stadium",62.22,48.81,173,"Royal Challengers Bengaluru"
1426291,"2024","Dharamsala","League","Chennai Super Kings","Punjab Kings","Punjab Kings","field","Himachal Pradesh Cricket Association Stadium",58.23,45.53,184,"Chennai Super Kings"
1426292,"2024","Lucknow","League","Kolkata Knight Riders","Lucknow Super Giants","Lucknow Super Giants","field","Bharat Ratna Shri Atal Bihari Vajpayee Ekana Cricket Stadium, Lucknow",52.19,55.81,165,"Kolkata Knight Riders"
1426293,"2024","Mumbai","League","Sunrisers Hyderabad","Mumbai Indians","Mumbai Indians","field","Wankhede Stadium",48.35,55.17,170,"Mumbai Indians"
1426294,"2024","Delhi","League","Delhi Capitals","Rajasthan Royals","Rajasthan Royals","field","Arun Jaitley Stadium",46.00,51.14,185,"Delhi Capitals"
1426295,"2024","Hyderabad","League","Lucknow Super Giants","Sunrisers Hyderabad","Lucknow Super Giants","bat","Rajiv Gandhi International Stadium",55.81,48.35,163,"Sunrisers Hyderabad"
1426296,"2024","Dharamsala","League","Royal Challengers Bengaluru","Punjab Kings","Punjab Kings","field","Himachal Pradesh Cricket Association Stadium",48.81,45.53,184,"Royal Challengers Bengaluru"
1426297,"2024","Ahmedabad","League","Gujarat Titans","Chennai Super Kings","Chennai Super Kings","field","Narendra Modi Stadium, Ahmedabad",62.22,58.23,176,"Gujarat Titans"
1426298,"2024","Kolkata","League","Kolkata Knight Riders","Mumbai Indians","Mumbai Indians","field","Eden Gardens",52.19,55.17,166,"Kolkata Knight Riders"
1426299,"2024","Chennai","League","Rajasthan Royals","Chennai Super Kings","Rajasthan Royals","bat","MA Chidambaram Stadium",51.14,58.23,164,"Chennai Super Kings"
1426300,"2024","Bengaluru","League","Royal Challengers Bengaluru","Delhi Capitals","Delhi Capitals","field","M Chinnaswamy Stadium",48.81,46.00,173,"Royal Challengers Bengaluru"
1426302,"2024","Delhi","League","Delhi Capitals","Lucknow Super Giants","Lucknow Super Giants","field","Arun Jaitley Stadium",46.00,55.81,185,"Delhi Capitals"
1426303,"2024","Guwahati","League","Rajasthan Royals","Punjab Kings","Rajasthan Royals","bat","Barsapara Cricket Stadium, Guwahati",51.14,45.53,180,"Punjab Kings"
1426305,"2024","Mumbai","League","Lucknow Super Giants","Mumbai Indians","Mumbai Indians","field","Wankhede Stadium",55.81,55.17,170,"Lucknow Super Giants"
1426306,"2024","Bengaluru","League","Royal Challengers Bengaluru","Chennai Super Kings","Chennai Super Kings","field","M Chinnaswamy Stadium",48.81,58.23,173,"Royal Challengers Bengaluru"
1426307,"2024","Hyderabad","League","Punjab Kings","Sunrisers Hyderabad","Punjab Kings","bat","Rajiv Gandhi International Stadium",45.53,48.35,163,"Sunrisers Hyderabad"
1426309,"2024","Ahmedabad","Qualifier 1","Sunrisers Hyderabad","Kolkata Knight Riders","Sunrisers Hyderabad","bat","Narendra Modi Stadium, Ahmedabad",48.35,52.19,176,"Kolkata Knight Riders"
1426310,"2024","Ahmedabad","Eliminator","Royal Challengers Bengaluru","Rajasthan Royals","Rajasthan Royals","field","Narendra Modi Stadium, Ahmedabad",48.81,51.14,176,"Rajasthan Royals"
1426311,"2024","Chennai","Qualifier 2","Sunrisers Hyderabad","Rajasthan Royals","Rajasthan Royals","field","MA Chidambaram Stadium",48.35,51.14,164,"Sunrisers Hyderabad"
1426312,"2024","Chennai","Final","Sunrisers Hyderabad","Kolkata Knight Riders","Sunrisers Hyderabad","bat","MA Chidambaram Stadium",48.35,52.19,164,"Kolkata Knight Riders"
